<TASKBAR1-9>Taskbar Shortcuts	<TASKBAR1-9>Phím tắt thanh tác vụ
1.5 line spacing	Giãn cách dòng 1.5
3D Layers	Layer 3D
3D Viewport	Viewport 3D
Accept all	Chấp nhận tất cả
Accept audio call	Chấp nhận cuộc gọi thoại
Accept inline suggestion	Chấp nhận gợi ý nội dòng
Accept video call	Chấp nhận cuộc gọi video
Activate	Kích hoạt
Activate a specific Clone Stamp tool preset	Kích hoạt một preset cụ thể của công cụ Clone Stamp
Activate and cycle between the Pen and Mask Feather tools. (Note: You can turn off this setting in the Preferences dialog box.)	Kích hoạt và chuyển đổi giữa công cụ Pen và Mask Feather. (Lưu ý: Có thể tắt cài đặt này trong hộp thoại Preferences.)
Activate and cycle through Brush, Clone Stamp, and Eraser tools	Kích hoạt và chuyển đổi lần lượt giữa các công cụ Brush, Clone Stamp và Eraser
Activate and cycle through Camera tools (Unified Camera, Orbit Camera, Track XY Camera, and Track Z Camera)	Kích hoạt và chuyển đổi lần lượt giữa các công cụ Camera (Unified Camera, Orbit Camera, Track XY Camera và Track Z Camera)
Activate and cycle through mask and shape tools (Rectangle, Rounded Rectangle, Ellipse, Polygon, Star)	Kích hoạt và chuyển đổi lần lượt giữa các công cụ mask và hình dạng (Rectangle, Rounded Rectangle, Ellipse, Polygon, Star)
Activate and cycle through Puppet tools	Kích hoạt và chuyển đổi lần lượt giữa các công cụ Puppet
Activate and cycle through Type tools (Horizontal and Vertical)	Kích hoạt và chuyển đổi lần lượt giữa các công cụ Type (Horizontal và Vertical)
Activate Character panel	Kích hoạt bảng Character
Activate Hand tool	Kích hoạt công cụ Hand
Activate Paragraph panel	Kích hoạt bảng Paragraph
Activate Refine Edge tool	Kích hoạt công cụ Refine Edge
Activate Roto Brush tool	Kích hoạt công cụ Roto Brush
Activate Selection tool	Kích hoạt công cụ Selection
Activate Tabs panel	Kích hoạt bảng thẻ
Activate the entry bar	Kích hoạt thanh nhập liệu
Activate the Go To command	Kích hoạt lệnh Go To
Activate the menu bar	Kích hoạt thanh menu
Activate the most recently active composition that is in the same composition hierarchy (network of nested compositions) as the currently active composition	Kích hoạt composition hoạt động gần đây nhất nằm trong cùng hệ phân cấp composition (mạng lưới các composition lồng nhau) với composition đang hoạt động
Activate Pan Behind tool	Kích hoạt công cụ Pan Behind
Activate Rotation tool	Kích hoạt công cụ Rotation
Activate Zoom In tool	Kích hoạt công cụ Zoom In
Add a composition to the Adobe Media Encoder encoding queue	Thêm composition vào hàng đợi mã hoá của Adobe Media Encoder
Add a layer	Thêm layer
Add a layer while opening the New Layer dialog box	Thêm layer đồng thời mở hộp thoại New Layer
Add a new page	Thêm trang mới
Add a virtual desktop	Thêm màn hình nền ảo
Add an emoji reaction	Thêm biểu tượng cảm xúc
Add Anchor Point tool	Công cụ Add Anchor Point
Add auto layout	Thêm auto layout
Add current frame to render queue	Thêm frame hiện tại vào hàng đợi render
Add menu	Mở menu Add
Add mode	Chế độ Add
Add new fill	Thêm màu tô mới
Add new page after last page	Thêm trang mới sau trang cuối
Add new stroke	Thêm nét viền mới
Add Selection To Next Find Match	Thêm vùng chọn vào kết quả tìm tiếp theo
Add URL to selection (link)	Thêm URL vào vùng chọn (liên kết)
Add www. and .com and open in current tab	Thêm www. và .com rồi mở trong thẻ hiện tại
Add www. and .com and open in new window	Thêm www. và .com rồi mở trong cửa sổ mới
Add www. and .com to text in the address bar	Thêm www. và .com vào văn bản trong thanh địa chỉ
Add-ons	Tiện ích bổ sung
Address bar	Thanh địa chỉ
Airbrush	Airbrush
Align and Distribute	Căn chỉnh và phân bố
Align both ends or equal spacing	Căn đều hai đầu hoặc giãn cách đều
Align left	Căn trái
Align left, right, or center	Căn trái, phải hoặc giữa
Align paragraph left	Căn trái đoạn văn
Align paragraph left, right, or center	Căn đoạn văn sang trái, phải hoặc giữa
Align paragraph right	Căn phải đoạn văn
Align right	Căn phải
Align selected horizontal text left, center, or right	Căn văn bản ngang đã chọn sang trái, giữa hoặc phải
Align selected vertical text top, center, or bottom	Căn văn bản dọc đã chọn lên trên, giữa hoặc xuống dưới
Align text left	Căn trái văn bản
Align text right	Căn phải văn bản
Align to grid (on/off)	Căn theo lưới (bật/tắt)
All caps	Viết hoa toàn bộ
All caps (on/off)	Viết hoa toàn bộ (bật/tắt)
All keyboard shortcuts	Tất cả phím tắt
All unread	Tất cả chưa đọc
All uppercase	Toàn bộ chữ hoa
Always On Top	Luôn ở trên cùng
Anchor layer	Neo layer
Answer incoming call	Trả lời cuộc gọi đến
Application	Ứng dụng
Apply a value and copy object	Áp dụng giá trị và sao chép đối tượng
Apply a value and keep focus in edit field	Áp dụng giá trị và giữ tiêu điểm trong trường chỉnh sửa
Apply a value and scale option proportionately for width or height	Áp dụng giá trị và co giãn tương xứng theo chiều rộng hoặc chiều cao
Apply Currency format	Áp dụng định dạng Tiền tệ
Apply Date format	Áp dụng định dạng Ngày
Apply General number format	Áp dụng định dạng số Chung
Apply Gradient	Áp dụng Gradient
Apply Heading 1	Áp dụng Tiêu đề 1
Apply Heading 2	Áp dụng Tiêu đề 2
Apply Heading 3	Áp dụng Tiêu đề 3
Apply last effect to the selected object	Áp dụng effect gần nhất cho đối tượng đã chọn
Apply last effect to the selected object by adjusting the values in the effects dialog box	Áp dụng effect gần nhất cho đối tượng đã chọn bằng cách điều chỉnh giá trị trong hộp thoại effect
Apply last pathfinder effect to the selected object	Áp dụng effect pathfinder gần nhất cho đối tượng đã chọn
Apply markdown formatting	Áp dụng định dạng Markdown
Apply No Color	Áp dụng Không màu
Apply Normal style	Áp dụng kiểu Normal
Apply Number format	Áp dụng định dạng Số
Apply outline border	Áp dụng viền ngoài
Apply Percentage format	Áp dụng định dạng Phần trăm
Apply Time format	Áp dụng định dạng Thời gian
Apply transformation	Áp dụng phép biến đổi
Apply value and copy object	Áp dụng giá trị và sao chép đối tượng
Apply value and keep text box active	Áp dụng giá trị và giữ hộp văn bản đang hoạt động
Apply width, height, or scale value proportionally	Áp dụng giá trị chiều rộng, chiều cao hoặc tỷ lệ một cách tương xứng
Archive the conversation	Lưu trữ cuộc trò chuyện
Artboard tool	Công cụ Artboard
Asian language hyphenation	Gạch nối cho ngôn ngữ châu Á
Attach file	Đính kèm file
Auto leading	Giãn dòng tự động
Auto-hyphenate (on/off)	Tự động gạch nối (bật/tắt)
Auto-Indent Lines	Tự động thụt lề các dòng
AutoSum	AutoSum
Back	Quay lại
Back 10 frames	Lùi 10 frame
Back 10 seconds	Lùi 10 giây
Back to the conversation list	Quay lại danh sách cuộc trò chuyện
Basic completion	Hoàn thành cơ bản
Basic editing	Soạn thảo cơ bản
Basic letter group setting or detail setting	Cài đặt nhóm ký tự cơ bản hoặc cài đặt chi tiết
Beginning of document	Đầu tài liệu
Beginning of text box	Đầu hộp văn bản
Bevel	Vát cạnh
Big heading	Tiêu đề lớn
Blend (Gradient)	Hoà trộn (Gradient)
Blend objects	Hoà trộn đối tượng
Blend tool	Công cụ Blend
Blob Brush tool	Công cụ Blob Brush
Blur/Sharpen	Làm mờ/Làm sắc nét
Bold	Đậm
Bold (only for fonts with bold face)	Đậm (chỉ với font có kiểu chữ đậm)
Bold selected text	In đậm văn bản đã chọn
Bookmark all open tabs	Đánh dấu trang cho tất cả thẻ đang mở
Bookmark all tabs	Đánh dấu trang cho tất cả thẻ
Bookmark current page	Đánh dấu trang hiện tại
Bookmark this page	Đánh dấu trang này
Bookmarks sidebar	Thanh bên dấu trang
Bottom-align text vertically	Căn dưới văn bản theo chiều dọc
Box select	Chọn theo khung
Break paths apart	Tách rời các path
Bring a selection forward	Đưa vùng chọn lên trước
Bring object to front	Đưa đối tượng lên trên cùng
Bring shape to front	Đưa hình lên trên cùng
Bring the selection forward	Đưa vùng chọn lên trước
Browse channels	Duyệt kênh
Browse DMs	Duyệt tin nhắn trực tiếp
Browse in Adobe Bridge	Duyệt trong Adobe Bridge
Browser Console	Console trình duyệt
Browser features	Tính năng trình duyệt
Brushes	Các brush
Bucket Fill	Bucket Fill
Build Project	Build dự án
Bulleted list	Danh sách dấu đầu dòng
Calculate active worksheet	Tính toán trang tính đang hoạt động
Calculate all worksheets	Tính toán tất cả trang tính
Calendar	Lịch
Calligraphy tool	Công cụ Calligraphy
Camera view	Chế độ xem camera
Cancel a command	Huỷ lệnh
Cancel an entry	Huỷ mục nhập
Cancel conversation	Huỷ cuộc trò chuyện
Captions on or off	Bật hoặc tắt phụ đề
Capture a screenshot	Chụp màn hình
Caret browsing	Duyệt bằng dấu nháy
Caret navigation and selection	Điều hướng và chọn bằng dấu nháy
Cell formatting	Định dạng ô
Center	Căn giữa
Center paragraph	Căn giữa đoạn văn
Center text horizontally	Căn giữa văn bản theo chiều ngang
Center text vertically	Căn giữa văn bản theo chiều dọc
Center-selected layers in view (modifies Position property to place anchor points of selected layers in center of current view)	Căn giữa các layer đã chọn trong chế độ xem (điều chỉnh thuộc tính Position để đặt điểm neo của các layer đã chọn vào giữa chế độ xem hiện tại)
Change case	Đổi chữ hoa/thường
Change input option	Thay đổi tuỳ chọn nhập
Change pointer to cross hair for Lasso tool	Đổi con trỏ thành hình chữ thập cho công cụ Lasso
Change Signature	Thay đổi chữ ký
Change start menu size	Thay đổi kích thước menu Bắt đầu
Character and Paragraph panels	Bảng Ký tự và Đoạn văn
Character and paragraph styles	Kiểu ký tự và đoạn văn
Character formatting	Định dạng ký tự
Chat and AI	Trò chuyện và AI
Chat navigation	Điều hướng trò chuyện
Check spelling	Kiểm tra chính tả
Checklist	Danh sách kiểm tra
Chrome features	Tính năng Chrome
Circle select	Chọn theo vòng tròn
Clear all formatting	Xoá tất cả định dạng
Clear all manual kerning and reset tracking to 0	Xoá toàn bộ kerning thủ công và đặt lại tracking về 0
Clear Browsing Data	Xoá dữ liệu duyệt web
Clear buffer	Xoá bộ đệm
Clear console	Xoá console
Clear formatting	Xoá định dạng
Clear location	Xoá vị trí
Clear or reset selected field	Xoá hoặc đặt lại trường đã chọn
Clear parent	Xoá quan hệ cha
Clear recent history	Xoá lịch sử gần đây
Clear rotation	Xoá góc xoay
Clear scale	Xoá tỷ lệ
Clear selection	Xoá vùng chọn
Clipboard	Bảng tạm
Clipboard and selection	Bảng tạm và vùng chọn
Clone	Nhân bản
Clone object	Nhân bản đối tượng
Close	Đóng
Close active panel or all viewers of type of active viewer (closes content first). For example, if a Timeline panel is active, this command closes all Timeline panels.	Đóng bảng đang hoạt động hoặc tất cả trình xem cùng loại với trình xem đang hoạt động (đóng nội dung trước). Ví dụ: nếu một bảng Timeline đang hoạt động, lệnh này sẽ đóng tất cả các bảng Timeline.
Close active viewer or panel (closes content first)	Đóng trình xem hoặc bảng đang hoạt động (đóng nội dung trước)
Close active window	Đóng cửa sổ đang hoạt động
Close All	Đóng tất cả
Close current desktop	Đóng màn hình nền hiện tại
Close current pane	Đóng ngăn hiện tại
Close current tab	Đóng thẻ hiện tại
Close current window	Đóng cửa sổ hiện tại
Close document	Đóng tài liệu
Close document window	Đóng cửa sổ tài liệu
Close Editor	Đóng trình soạn thảo
Close find bar	Đóng thanh tìm
Close Magnifier	Đóng Kính lúp
Close PowerPoint	Đóng PowerPoint
Close tab	Đóng thẻ
Close the active database window	Đóng cửa sổ cơ sở dữ liệu đang hoạt động
Close the app	Đóng ứng dụng
Close the current active tab	Đóng thẻ hiện đang hoạt động
Close the current publication	Đóng ấn phẩm hiện tại
Close the current tab	Đóng thẻ hiện tại
Close the current tab (alt)	Đóng thẻ hiện tại (cách khác)
Close the current window	Đóng cửa sổ hiện tại
Close the current window (alt)	Đóng cửa sổ hiện tại (cách khác)
Close the document window	Đóng cửa sổ tài liệu
Close the program window	Đóng cửa sổ chương trình
Close the Reviewing pane	Đóng ngăn Xem lại
Close window	Đóng cửa sổ
Close workbook	Đóng sổ tính
Code completion and assistance	Hoàn thành mã và hỗ trợ
Codeblock selected text	Định dạng văn bản đã chọn thành khối mã
Collapse all	Thu gọn tất cả
Collapse item	Thu gọn mục
Color context	Ngữ cảnh màu
Color panel	Bảng màu
Color Picker	Bộ chọn màu
Column Graph tool	Công cụ Column Graph
Combine paths	Gộp các path
Command Palette	Command Palette
Comment on the post	Bình luận về bài đăng
Comment with block comment	Chú thích dạng khối
Comment with line comment	Chú thích dạng dòng
Commit	Commit
Complete current statement	Hoàn thành câu lệnh hiện tại
Compose	Soạn thư
Compose a new message	Soạn thư mới
Compose a new message (alt)	Soạn thư mới (cách khác)
Composition	Composition
Compositor	Compositor
Console	Console
Constrain Blob Brush path horizontally or vertically	Ràng buộc path của Blob Brush theo chiều ngang hoặc dọc
Context Help	Trợ giúp theo ngữ cảnh
Context menu	Menu ngữ cảnh
Control panel	Bảng điều khiển
Convert Direction Point tool	Công cụ Convert Direction Point
Convert object to path	Chuyển đối tượng thành path
Convert stroke to path	Chuyển nét thành path
Copilot key (keyboards that have one)	Phím Copilot (bàn phím có phím này)
Copy	Sao chép
Copy anchor link to section	Sao chép liên kết neo đến mục
Copy animation painter	Sao chép hiệu ứng hoạt hình
Copy formatting	Sao chép định dạng
Copy formula from cell above	Sao chép công thức từ ô phía trên
Copy item	Sao chép mục
Copy line (empty selection)	Sao chép dòng (vùng chọn trống)
Copy Line Down	Sao chép dòng xuống dưới
Copy Line Up	Sao chép dòng lên trên
Copy object formatting	Sao chép định dạng đối tượng
Copy selected data	Sao chép dữ liệu đã chọn
Copy selection	Sao chép vùng chọn
Copy to clipboard	Sao chép vào bảng tạm
Create a component	Tạo component
Create a compound path	Tạo compound path
Create a contact	Tạo liên hệ
Create a contact list	Tạo danh sách liên hệ
Create a document	Tạo tài liệu
Create a document from a template	Tạo tài liệu từ mẫu
Create a document without opening the New Document dialog box	Tạo tài liệu mà không mở hộp thoại Tài liệu mới
Create a new canvas	Tạo canvas mới
Create a new database	Tạo cơ sở dữ liệu mới
Create a new folder	Tạo thư mục mới
Create a new layer	Tạo layer mới
Create a new post	Tạo bài đăng mới
Create a new project	Tạo dự án mới
Create a new section	Tạo phần mới
Create a new snippet	Tạo snippet mới
Create a private group	Tạo nhóm riêng tư
Create a Quick Note	Tạo Ghi chú nhanh
Create a reminder about a message	Tạo lời nhắc về tin nhắn
Create chart on new sheet	Tạo biểu đồ trên trang tính mới
Create crop marks around selected object	Tạo dấu cắt xén quanh đối tượng đã chọn
Create dynamic offset	Tạo offset động
Create embedded chart	Tạo biểu đồ nhúng
Create linked offset	Tạo offset liên kết
Create new calendar item	Tạo mục lịch mới
Create new layer	Tạo layer mới
Create new message or calendar event	Tạo thư mới hoặc sự kiện lịch
Create new symbol	Tạo symbol mới
Create or join a server	Tạo hoặc tham gia máy chủ
Create or release a clipping mask	Tạo hoặc gỡ bỏ clipping mask
Create outlines	Tạo outline
Create Table	Tạo bảng
Create variable width points	Tạo điểm độ rộng biến thiên
Crop and Resize	Cắt xén và thay đổi kích thước
Crop to selection	Cắt xén theo vùng chọn
Current page	Trang hiện tại
Curvature tool	Công cụ Curvature
Cut	Cắt
Cut item	Cắt mục
Cut line (empty selection)	Cắt dòng (vùng chọn trống)
Cut selected data	Cắt dữ liệu đã chọn
Cut selection	Cắt vùng chọn
Cycle absolute and relative references	Chuyển đổi giữa tham chiếu tuyệt đối và tương đối
Cycle focus through pages	Chuyển tiêu điểm lần lượt qua các trang
Cycle focus through pages in reverse	Chuyển tiêu điểm lần lượt qua các trang theo chiều ngược lại
Cycle through elements in the active window	Chuyển lần lượt qua các phần tử trong cửa sổ đang hoạt động
Cycle through open drawings	Chuyển lần lượt qua các bản vẽ đang mở
Cycle through open drawings in reverse	Chuyển lần lượt qua các bản vẽ đang mở theo chiều ngược lại
Cycle through open Windows	Chuyển lần lượt qua các cửa sổ đang mở
Cycle through panes	Chuyển lần lượt qua các ngăn
Cycle through tabs in recently used order	Chuyển lần lượt qua các thẻ theo thứ tự dùng gần đây
Cycle through units of measurement	Chuyển lần lượt qua các đơn vị đo lường
Cycle to previous or next item in active viewer (for example, cycle through open compositions)	Chuyển đến mục trước hoặc tiếp theo trong trình xem đang hoạt động (ví dụ: chuyển lần lượt qua các composition đang mở)
Cycle to previous or next panel in active frame (for example, cycle through open Timeline panels)	Chuyển đến bảng trước hoặc tiếp theo trong frame đang hoạt động (ví dụ: chuyển lần lượt qua các bảng Timeline đang mở)
Darken mode	Chế độ Darken
Data entry and editing	Nhập và chỉnh sửa dữ liệu
Datasheet navigation	Điều hướng biểu dữ liệu
Debug	Debug
Debug context configuration	Cấu hình ngữ cảnh debug
Decline call	Từ chối cuộc gọi
Decline incoming call	Từ chối cuộc gọi đến
Decrease Bristle brush size	Giảm kích cỡ Bristle brush
Decrease brush or tool width	Giảm độ rộng brush hoặc công cụ
Decrease font size	Giảm cỡ chữ
Decrease font size by 1 point	Giảm cỡ chữ 1 điểm
Decrease indent	Giảm thụt lề
Decrease kerning	Giảm khoảng cách ký tự
Decrease kerning between words	Giảm khoảng cách giữa các từ
Decrease or increase font size of selected text by 2 units	Giảm hoặc tăng cỡ chữ của văn bản đã chọn 2 đơn vị
Decrease scale by 1%	Giảm tỷ lệ 1%
Decrease scale by 5%	Giảm tỷ lệ 5%
Decrease the brush size	Giảm kích cỡ brush
Decrease the intensity of symbols (when using Symbolism tool)	Giảm cường độ của biểu tượng (khi dùng công cụ Symbolism)
Definition tag	Thẻ định nghĩa
Delete	Xoá
Delete a message you sent	Xoá tin nhắn đã gửi
Delete all effects from selected layers	Xoá tất cả effect khỏi các layer đã chọn
Delete Anchor Point tool	Công cụ Delete Anchor Point
Delete currently selected message	Xoá tin nhắn đang chọn
Delete item	Xoá mục
Delete keyframe	Xoá keyframe
Delete Line	Xoá dòng
Delete message or item	Xoá tin nhắn hoặc mục
Delete one word to the left	Xoá một từ bên trái
Delete one word to the right	Xoá một từ bên phải
Delete previous word in text field	Xoá từ liền trước trong trường văn bản
Delete selected	Xoá phần đã chọn
Delete selected cells	Xoá các ô đã chọn
Delete selected width point	Xoá điểm độ rộng đã chọn
Delete selection	Xoá vùng chọn
Delete the conversation	Xoá cuộc trò chuyện
Delete the selected item	Xoá mục đã chọn
Delete the selected item permanently	Xoá vĩnh viễn mục đã chọn
Delete the word before the cursor	Xoá từ liền trước con trỏ
Delete word in front of insertion point (Story Editor)	Xoá từ phía trước điểm chèn (Story Editor)
Delete word to the left	Xoá từ bên trái
Delete word to the right	Xoá từ bên phải
Demote paragraph	Hạ cấp đoạn văn
Deselect	Bỏ chọn
Deselect a width point	Bỏ chọn điểm độ rộng
Deselect all	Bỏ chọn tất cả
Deselect all keyframes, properties, and property groups	Bỏ chọn tất cả keyframe, thuộc tính và nhóm thuộc tính
Deselect all layers	Bỏ chọn tất cả layer
Deselect the current selection	Bỏ chọn vùng chọn hiện tại
Desktop Shortcuts	Phím tắt màn hình nền
Dialogs	Hộp thoại
Difference mode	Chế độ Difference
Direct Selection tool	Công cụ Direct Selection
Display	Hiển thị
Display all filtered tasks or resources	Hiển thị tất cả nhiệm vụ hoặc tài nguyên đã lọc
Display filename corresponding to the frame at the current time in the Info panel	Hiển thị tên file tương ứng với frame tại thời điểm hiện tại trong bảng Info
Display properties for the selected item	Hiển thị thuộc tính của mục đã chọn
Display shortcut menu for selected item	Hiển thị menu lối tắt cho mục đã chọn
Display snapshot in active viewer	Hiển thị ảnh chụp nhanh trong trình xem đang hoạt động
Display task or resource information	Hiển thị thông tin nhiệm vụ hoặc tài nguyên
Display the entire object	Hiển thị toàn bộ đối tượng
Display the Immediate window	Hiển thị cửa sổ Immediate
Display the pop-up menu that has focus	Hiển thị menu bật lên đang có tiêu điểm
Display the Stroke panel	Hiển thị bảng Stroke
Display/Hide desktop	Hiện/Ẩn màn hình nền
Distort objects using a mesh as the shape of the envelope	Làm biến dạng đối tượng bằng cách dùng lưới làm hình dạng envelope
Distort objects using a warp-shaped envelope	Làm biến dạng đối tượng bằng envelope dạng warp
Distort objects using another object as the shape of the envelope	Làm biến dạng đối tượng bằng cách dùng đối tượng khác làm hình dạng envelope
Distribute paragraph evenly	Phân bố đều đoạn văn
Dock the OneNote window	Neo cửa sổ OneNote
Document Properties	Thuộc tính tài liệu
Dodge/Burn	Dodge/Burn
Double line spacing	Giãn cách dòng đôi
Double underline	Gạch chân đôi
Downloads	Tải xuống
Draw	Vẽ
Dropper tool	Công cụ ống hút màu
Duplicate	Nhân bản
Duplicate and offset selection	Nhân bản và dịch chuyển vùng chọn
Duplicate and offset selection by 10 times	Nhân bản và dịch chuyển vùng chọn gấp 10 lần
Duplicate and transform	Nhân bản và biến đổi
Duplicate current tab	Nhân bản thẻ hiện tại
Duplicate image	Nhân bản hình ảnh
Duplicate item	Nhân bản mục
Duplicate Line or Selection	Nhân bản dòng hoặc vùng chọn
Duplicate linked	Nhân bản liên kết
Duplicate pane (horizontal split)	Nhân bản ngăn (chia ngang)
Duplicate pane (vertical split)	Nhân bản ngăn (chia dọc)
Duplicate render item with same output filename as original	Nhân bản mục render với cùng tên file đầu ra như bản gốc
Duplicate selected layers, masks, effects, text selectors, animators, puppet meshes, shapes, render items, output modules, or compositions	Nhân bản các layer, mask, effect, bộ chọn văn bản, animator, puppet mesh, hình dạng, mục render, mô-đun đầu ra hoặc composition đã chọn
Duplicate selected object	Nhân bản đối tượng đã chọn
Duplicate selected slide	Nhân bản trang chiếu đã chọn
Duplicate selection	Nhân bản vùng chọn
Duplicate the current tab	Nhân bản thẻ hiện tại
Duplicate the selection	Nhân bản vùng chọn
Duplicate to a new layer	Nhân bản sang layer mới
Easy ease selected keyframes	Áp dụng Easy Ease cho các keyframe đã chọn
Easy ease selected keyframes in	Áp dụng Easy Ease In cho các keyframe đã chọn
Edge select mode	Chế độ chọn cạnh
Edit	Chỉnh sửa
Edit a message you sent	Chỉnh sửa tin nhắn đã gửi
Edit a pattern	Chỉnh sửa pattern
Edit active cell	Chỉnh sửa ô hiện hoạt
Edit in a view	Chỉnh sửa trong chế độ xem
Edit mode (mesh)	Chế độ chỉnh sửa (lưới)
Edit previous message	Chỉnh sửa tin nhắn trước
Edit selected footage item in application with which it’s associated (Edit Original)	Chỉnh sửa mục footage đã chọn trong ứng dụng được liên kết (Edit Original)
Edit shapes	Chỉnh sửa hình dạng
Edit text	Chỉnh sửa văn bản
Edit text and data	Chỉnh sửa văn bản và dữ liệu
Edit the active cell	Chỉnh sửa ô hiện hoạt
Editing	Soạn thảo
Editing paths and frames	Chỉnh sửa path và frame
Editor and window management	Quản lý trình soạn thảo và cửa sổ
Editor switching	Chuyển đổi trình soạn thảo
Effects and animation presets	Effect và preset hoạt hình
Ellipse / arc tool	Công cụ elip / cung tròn
Ellipse Select	Chọn vùng elip
Ellipse tool	Công cụ Elip
Enable or disable full page view	Bật hoặc tắt chế độ xem toàn trang
Enable time remapping for selected layers	Bật time remapping cho các layer đã chọn
Enable/Disable Chinese IME	Bật/Tắt IME tiếng Trung
End call	Kết thúc cuộc gọi
End of document	Đến cuối tài liệu
End of text box	Đến cuối hộp văn bản
End slide show	Kết thúc trình chiếu
Enter current date	Nhập ngày hiện tại
Enter current time	Nhập giờ hiện tại
Enter full screen	Vào chế độ toàn màn hình
Enter full-screen view	Vào chế độ xem toàn màn hình
Enter or exit Immersive Reader	Vào hoặc thoát Immersive Reader
Environment selector	Bộ chọn môi trường
Eraser	Tẩy
Eraser tool	Công cụ tẩy
Evaluate Expression	Đánh giá biểu thức
Exit Access	Thoát Access
Exit Artboard tool mode	Thoát chế độ công cụ Artboard
Exit free-transform mask editing mode	Thoát chế độ chỉnh sửa mask biến đổi tự do
Exit Full Screen mode	Thoát chế độ Toàn màn hình
Exit full-screen view	Thoát chế độ xem toàn màn hình
Exit selected chat / global search	Thoát cuộc trò chuyện đã chọn / tìm kiếm toàn cục
Exit the application	Thoát ứng dụng
Expand all	Mở rộng tất cả
Expand all folders	Mở rộng tất cả thư mục
Expand compose box	Mở rộng hộp soạn tin
Expand item	Mở rộng mục
Expand or collapse the workspace switcher	Mở rộng hoặc thu gọn trình chuyển đổi không gian làm việc
Expand or collapse vertical tabs	Mở rộng hoặc thu gọn thẻ dọc
Export	Xuất
Export As	Xuất dưới dạng
Export to	Xuất sang
Extend selection	Mở rộng vùng chọn
Extend selection by one cell	Mở rộng vùng chọn thêm một ô
Extend selection to last nonblank cell	Mở rộng vùng chọn đến ô không trống cuối cùng
Extend selection to last used cell	Mở rộng vùng chọn đến ô được dùng cuối cùng
Extend selection to start of worksheet	Mở rộng vùng chọn đến đầu trang tính
Extract Method	Trích xuất phương thức
Extrude region	Đùn vùng
Eyedropper tool	Công cụ hút màu
Face select mode	Chế độ chọn mặt
FancyZones	FancyZones
Fast Previews > Adaptive Resolution	Fast Previews > Độ phân giải thích ứng
Fast Previews > Draft	Fast Previews > Bản nháp
Fast Previews > Fast Draft	Fast Previews > Bản nháp nhanh
Fast Previews > Off	Fast Previews > Tắt
Fast Previews > Wireframe	Fast Previews > Khung dây
File	File
File management	Quản lý file
File Structure	Cấu trúc file
Fill	Tô màu
Fill and Stroke	Tô màu và nét viền
Fill down	Điền xuống
Fill down a column	Điền xuống theo cột
Fill right	Điền sang phải
Fill selected range with current entry	Điền mục nhập hiện tại vào phạm vi đã chọn
Fill with background color	Tô bằng màu nền
Fill with foreground color	Tô bằng màu tiền cảnh
Fill with pattern	Tô bằng hoạ tiết
Filters	Bộ lọc
Find	Tìm
Find Action	Tìm hành động
Find again	Tìm lại
Find and replace	Tìm và thay thế
Find everything	Tìm tất cả
Find in current chat or channel	Tìm trong cuộc trò chuyện hoặc kênh hiện tại
Find in Files	Tìm trong file
Find in Project panel	Tìm trong bảng Project
Find in this page	Tìm trong trang này
Find in Timeline panel	Tìm trong bảng Timeline
Find next	Tìm tiếp theo
Find next match	Tìm kết quả khớp tiếp theo
Find next occurrence of Find What text	Tìm lần xuất hiện tiếp theo của văn bản Find What
Find next result	Tìm kết quả tiếp theo
Find or start a direct message	Tìm hoặc bắt đầu tin nhắn trực tiếp
Find previous	Tìm trước đó
Find previous match	Tìm kết quả khớp trước đó
Find previous result	Tìm kết quả trước đó
Find text	Tìm văn bản
Find text in the canvas	Tìm văn bản trên canvas
Find Usages	Tìm chỗ sử dụng
Find, save, print	Tìm, lưu, in
Finding and changing text	Tìm và thay đổi văn bản
Finish adding objects to the blend	Hoàn tất thêm đối tượng vào blend
First cell in the column	Ô đầu tiên trong cột
First cell in the row	Ô đầu tiên trong hàng
First frame	Frame đầu tiên
First page in section	Trang đầu tiên trong phần
Fit image in window	Vừa khít ảnh trong cửa sổ
Fit selection in window	Vừa khít vùng chọn trong cửa sổ
Fit view to window	Vừa khít chế độ xem với cửa sổ
Flag message	Gắn cờ thư
Flash Fill	Flash Fill
Flip	Lật
Flip shape horizontally	Lật hình theo chiều ngang
Flip shape vertically	Lật hình theo chiều dọc
Float selection	Thả nổi vùng chọn
Focus	Tiêu điểm
Focus address bar	Chuyển tiêu điểm đến thanh địa chỉ
Focus into First Editor Group	Chuyển tiêu điểm đến nhóm trình soạn thảo thứ nhất
Focus into Second Editor Group	Chuyển tiêu điểm đến nhóm trình soạn thảo thứ hai
Focus into Third Editor Group	Chuyển tiêu điểm đến nhóm trình soạn thảo thứ ba
Focus next link or input field	Chuyển tiêu điểm đến liên kết hoặc trường nhập tiếp theo
Focus Next Search Result	Chuyển tiêu điểm đến kết quả tìm kiếm tiếp theo
Focus on the notification area	Chuyển tiêu điểm đến khu vực thông báo
Focus previous link or input field	Chuyển tiêu điểm đến liên kết hoặc trường nhập trước đó
Focus Previous Search Result	Chuyển tiêu điểm đến kết quả tìm kiếm trước đó
Focus search bar	Chuyển tiêu điểm đến thanh tìm kiếm
Focus text area	Chuyển tiêu điểm đến vùng văn bản
Font dialog box	Hộp thoại phông chữ
Font size	Cỡ phông chữ
Footage	Footage
Force close tab	Buộc đóng thẻ
Format	Định dạng
Format Document	Định dạng tài liệu
Format messages	Định dạng tin nhắn
Format Selection	Định dạng vùng chọn
Format text	Định dạng văn bản
Format text in a canvas	Định dạng văn bản trong canvas
Formatting	Định dạng
Formulas and functions	Công thức và hàm
Forward	Chuyển tiếp
Forward 10 frames	Tiến 10 frame
Forward 10 seconds	Tiến 10 giây
Forward a message	Chuyển tiếp tin nhắn
Forward message	Chuyển tiếp thư
Frame Grid tool (horizontal)	Công cụ Frame Grid (ngang)
Frame Grid tool (vertical)	Công cụ Frame Grid (dọc)
Free Select	Chọn tự do
Free Transform the selection or layer	Biến đổi tự do vùng chọn hoặc layer
Free Transform tool	Công cụ Biến đổi tự do
Frequently used	Thường dùng
Front view	Chế độ xem chính diện
Full screen	Toàn màn hình
Fullscreen	Toàn màn hình
Function keys	Phím chức năng
Fuzzy Select	Chọn mờ
Gap tool	Công cụ Gap
General	Chung
Generate	Tạo
Get help	Nhận trợ giúp
Go back	Quay lại
Go back in history	Quay lại trong lịch sử
Go back/forward to last-viewed page	Quay lại/tiến tới trang đã xem gần nhất
Go backward 1 frame	Lùi 1 frame
Go down a screen	Đi xuống một màn hình
Go forward	Tiến tới
Go forward 1 frame	Tiến 1 frame
Go forwards in history	Tiến tới trong lịch sử
Go one tab to the left	Chuyển sang thẻ bên trái
Go one tab to the right	Chuyển sang thẻ bên phải
Go to	Đi tới
Go to a specific chat or channel	Đi tới cuộc trò chuyện hoặc kênh cụ thể
Go to beginning of composition, layer, or footage item	Đi tới đầu composition, layer hoặc footage
Go to beginning or end of work area	Đi tới đầu hoặc cuối vùng làm việc
Go to bottom of page	Đi tới cuối trang
Go to Calendar	Đi tới Lịch
Go to compose box	Đi tới hộp soạn tin
Go to Contacts or Copilot	Đi tới Danh bạ hoặc Copilot
Go to Declaration or Usages	Đi tới phần khai báo hoặc chỗ sử dụng
Go to Definition	Đi tới định nghĩa
Go to Drafts	Đi tới Thư nháp
Go to end of composition, layer, or footage item	Đi tới cuối composition, layer hoặc footage
Go to File	Đi tới file
Go to Folder pane	Đi tới ngăn Thư mục
Go to Implementation	Đi tới phần triển khai
Go to Inbox	Đi tới Hộp thư đến
Go to last tab	Đi tới thẻ cuối cùng
Go to layer In point	Đi tới điểm In của layer
Go to layer Out point	Đi tới điểm Out của layer
Go to Line	Đi tới dòng
Go to Mail	Đi tới Thư
Go to master page while \ panel is closed	Đi tới trang master khi bảng \ đang đóng
Go to Next Error or Warning	Đi tới lỗi hoặc cảnh báo tiếp theo
Go to next folder	Đi tới thư mục tiếp theo
Go to next message	Đi tới thư tiếp theo
Go to next section	Đi tới phần tiếp theo
Go to next time period	Đi tới khoảng thời gian tiếp theo
Go to page	Đi tới trang
Go to People	Đi tới Mọi người
Go to Previous Error or Warning	Đi tới lỗi hoặc cảnh báo trước đó
Go to previous folder	Đi tới thư mục trước
Go to previous message	Đi tới thư trước
Go to previous or next visible item in time ruler (keyframe, layer marker, work area beginning or end)	Đi tới mục hiển thị trước hoặc tiếp theo trên thước thời gian (keyframe, điểm đánh dấu layer, điểm đầu hoặc cuối vùng làm việc)
Go to previous section	Đi tới phần trước
Go to previous time period	Đi tới khoảng thời gian trước
Go to previous/next spread	Đi tới dải trang trước/tiếp theo
Go to References	Đi tới tham chiếu
Go to Search	Đi tới Tìm kiếm
Go to Sent	Đi tới thư đã gửi
Go to specific time	Đi tới thời điểm cụ thể
Go to Starred	Đi tới thư có gắn dấu sao
Go to Super Method	Đi tới phương thức cha
Go to Symbol	Đi tới ký hiệu
Go to tab 1–8	Đi tới thẻ 1–8
Go to Test	Đi tới test
Go to the end	Đi tới cuối
Go to the start	Đi tới đầu
Go to To Do	Đi tới Việc cần làm
Go to today	Đi tới hôm nay
Go to top of page	Đi tới đầu trang
Go to Type Declaration	Đi tới khai báo kiểu
Go up a screen	Di chuyển lên một màn hình
Gradient Feather tool	Công cụ Gradient Feather
Gradient panel	Bảng Gradient
Gradient tool	Công cụ Gradient
Gradients	Gradient
Group or ungroup selected objects	Nhóm hoặc bỏ nhóm các đối tượng đã chọn
Group selected objects	Nhóm các đối tượng đã chọn
Group selected shapes	Nhóm các hình đã chọn
Group the selected artwork	Nhóm hình vẽ đã chọn
Group the selected layers	Nhóm các layer đã chọn
Group the selection	Nhóm vùng chọn
Hand tool	Công cụ Hand
Hanging indent	Thụt lề treo
Help	Trợ giúp
Hide a selection	Ẩn vùng chọn
Hide Active Tool Window	Ẩn cửa sổ công cụ đang hoạt động
Hide All Tool Windows	Ẩn tất cả cửa sổ công cụ
Hide bounding box	Ẩn khung bao
Hide gradient annotator (when using the Gradient tool)	Ẩn chú thích gradient (khi dùng công cụ Gradient)
Hide guides	Ẩn đường gióng
Hide selected	Ẩn mục đã chọn
Hide selected columns	Ẩn các cột đã chọn
Hide selected rows	Ẩn các hàng đã chọn
Hide subtasks	Ẩn công việc con
Hide the right sidebar	Ẩn thanh bên phải
Hide unselected	Ẩn mục chưa chọn
Hide unselected artwork	Ẩn hình vẽ chưa chọn
Highlight kerning	Tô sáng kerning
Highlight selected text	Tô sáng văn bản đã chọn
Highlight the font name field in the Character panel	Tô sáng trường tên phông trong bảng Character
Highlight Usages in File	Tô sáng các chỗ sử dụng trong file
History and bookmarks	Lịch sử và dấu trang
History sidebar	Thanh bên lịch sử
Home	Trang chủ
Hyperlink selected text	Tạo siêu liên kết cho văn bản đã chọn
Image	Hình ảnh
Image Editor	Trình chỉnh sửa hình ảnh
Image properties	Thuộc tính hình ảnh
Import	Nhập
Import multiple files or image sequences	Nhập nhiều file hoặc chuỗi hình ảnh
Import one file or image sequence	Nhập một file hoặc chuỗi hình ảnh
Important tag	Nhãn Quan trọng
In horizontal text, move insertion point one character left or right; one line up or down; one word left or right; or one paragraph up or down	Trong văn bản ngang, di chuyển điểm chèn sang trái hoặc phải một ký tự; lên hoặc xuống một dòng; sang trái hoặc phải một từ; hoặc lên hoặc xuống một đoạn văn
In vertical text, move insertion point one character up or down; one left or right; one word up or down; or one paragraph left or right	Trong văn bản dọc, di chuyển điểm chèn lên hoặc xuống một ký tự; sang trái hoặc phải một ký tự; lên hoặc xuống một từ; hoặc sang trái hoặc phải một đoạn văn
Increase Bristle brush size	Tăng kích thước Bristle brush
Increase brush or tool width	Tăng độ rộng brush hoặc công cụ
Increase font size	Tăng cỡ chữ
Increase font size by 1 point	Tăng cỡ chữ thêm 1 point
Increase indent	Tăng thụt lề
Increase kerning	Tăng kerning
Increase kerning between words	Tăng kerning giữa các từ
Increase or decrease baseline shift	Tăng hoặc giảm độ dịch baseline
Increase or decrease baseline shift (horizontal text)	Tăng hoặc giảm độ dịch baseline (văn bản ngang)
Increase or decrease baseline shift (vertical text)	Tăng hoặc giảm độ dịch baseline (văn bản dọc)
Increase or decrease baseline shift by five times (horizontal text)	Tăng hoặc giảm độ dịch baseline gấp năm lần (văn bản ngang)
Increase or decrease baseline shift by five times (vertical text)	Tăng hoặc giảm độ dịch baseline gấp năm lần (văn bản dọc)
Increase or decrease font size	Tăng hoặc giảm cỡ chữ
Increase or decrease font size by steps	Tăng hoặc giảm cỡ chữ theo từng bước
Increase or decrease kerning and tracking	Tăng hoặc giảm kerning và tracking
Increase or decrease kerning and tracking (horizontal text)	Tăng hoặc giảm kerning và tracking (văn bản ngang)
Increase or decrease kerning and tracking (vertical text)	Tăng hoặc giảm kerning và tracking (văn bản dọc)
Increase or decrease kerning and tracking by five times	Tăng hoặc giảm kerning và tracking gấp năm lần
Increase or decrease kerning and tracking by five times (horizontal text)	Tăng hoặc giảm kerning và tracking gấp năm lần (văn bản ngang)
Increase or decrease kerning and tracking by five times (vertical text)	Tăng hoặc giảm kerning và tracking gấp năm lần (văn bản dọc)
Increase or decrease leading	Tăng hoặc giảm leading
Increase or decrease leading (horizontal text)	Tăng hoặc giảm leading (văn bản ngang)
Increase or decrease leading (vertical text)	Tăng hoặc giảm leading (văn bản dọc)
Increase or decrease leading by five times (horizontal text)	Tăng hoặc giảm leading gấp năm lần (văn bản ngang)
Increase or decrease leading by five times (vertical text)	Tăng hoặc giảm leading gấp năm lần (văn bản dọc)
Increase or decrease point size	Tăng hoặc giảm cỡ chữ theo point
Increase or decrease point size by five times	Tăng hoặc giảm cỡ chữ theo point gấp năm lần
Increase or decrease Rotation (Z Rotation) of selected layers by 1°	Tăng hoặc giảm góc xoay (Z Rotation) của các layer đã chọn thêm 1°
Increase or decrease Rotation (Z Rotation) of selected layers by 10°	Tăng hoặc giảm góc xoay (Z Rotation) của các layer đã chọn thêm 10°
Increase scale by 1%	Tăng tỷ lệ thêm 1%
Increase scale by 5%	Tăng tỷ lệ thêm 5%
Increase Scale of selected layers by 1%	Tăng Scale của các layer đã chọn thêm 1%
Increase the brush size	Tăng kích thước brush
Increase the intensity of symbols (when using Symbolism tool)	Tăng cường độ symbol (khi dùng công cụ Symbolism)
Increase/ decrease measurement unit by 10x	Tăng/giảm đơn vị đo gấp 10 lần
Increase/ decrease values in logical fractions of the measurement unit	Tăng/giảm giá trị theo phần hợp lý của đơn vị đo
Increase/decrease the selected value by a fraction	Tăng/giảm giá trị đã chọn theo phần lẻ
Increase/decrease the selected value by a small increment	Tăng/giảm giá trị đã chọn theo bước nhỏ
Increase/decreases the selected value by a large increment	Tăng/giảm giá trị đã chọn theo bước lớn
Indent Line	Thụt lề dòng
Indent the selected task	Thụt lề công việc đã chọn
Ink	Mực
Inkscape Preferences	Tuỳ chọn Inkscape
Inline	Nội tuyến
Inline code selected text	Định dạng code nội tuyến cho văn bản đã chọn
Insert	Chèn
Insert a comment	Chèn bình luận
Insert a link	Chèn liên kết
Insert blank cells	Chèn ô trống
Insert bullets	Chèn dấu đầu dòng
Insert code block	Chèn khối code
Insert column break	Chèn ngắt cột
Insert comment	Chèn bình luận
Insert copyright symbol	Chèn ký hiệu bản quyền
Insert current date	Chèn ngày hiện tại
Insert current date and time	Chèn ngày và giờ hiện tại
Insert current page number	Chèn số trang hiện tại
Insert current time	Chèn giờ hiện tại
Insert Cursor Above	Chèn con trỏ bên trên
Insert Cursor Below	Chèn con trỏ bên dưới
Insert discretionary hyphen	Chèn dấu gạch nối tuỳ ý
Insert double left quotation marks	Chèn dấu ngoặc kép trái
Insert double right quotation marks	Chèn dấu ngoặc kép phải
Insert duplicate page	Chèn bản sao trang
Insert ellipsis	Chèn dấu ba chấm
Insert em dash	Chèn dấu gạch ngang em
Insert em space	Chèn khoảng trắng em
Insert en dash	Chèn dấu gạch ngang en
Insert en space	Chèn khoảng trắng en
Insert endnote	Chèn chú thích cuối tài liệu
Insert footnote	Chèn chú thích cuối trang
Insert function	Chèn hàm
Insert hyperlink	Chèn siêu liên kết
Insert inline code	Chèn code nội tuyến
Insert keyframe	Chèn keyframe
Insert Line Above	Chèn dòng phía trên
Insert Line Below	Chèn dòng phía dưới
Insert line break	Chèn ngắt dòng
Insert link	Chèn liên kết
Insert new comment	Chèn bình luận mới
Insert new page or two-page spread	Chèn trang mới hoặc dải hai trang
Insert new slide	Chèn trang chiếu mới
Insert non-breaking space	Chèn khoảng trắng không ngắt
Insert page break	Chèn ngắt trang
Insert paragraph symbol	Chèn ký hiệu đoạn văn
Insert registered trademark symbol	Chèn ký hiệu nhãn hiệu đã đăng ký
Insert section symbol	Chèn ký hiệu mục
Insert selected text into Change To box	Chèn văn bản đã chọn vào hộp Change To
Insert selected text into Find What box	Chèn văn bản đã chọn vào hộp Find What
Insert selected text into Find What box and finds next	Chèn văn bản đã chọn vào hộp Find What và tìm mục tiếp theo
Insert single left quotation marks	Chèn dấu nháy đơn trái
Insert single right quotation marks	Chèn dấu nháy đơn phải
Insert soft return	Chèn ngắt dòng mềm
Insert tab character in a cell	Chèn ký tự tab vào ô
Insert tab in a cell	Chèn tab vào ô
Insert the current time	Chèn thời gian hiện tại
Insert thin space	Chèn khoảng trắng hẹp
Insert today's date	Chèn ngày hôm nay
Insert trademark symbol	Chèn ký hiệu nhãn hiệu
Inset faces	Inset faces
Inspector	Inspector
Interface	Giao diện
Interrupt running a script	Ngắt script đang chạy
Intersect mode	Chế độ giao cắt
Introduce Field	Tạo field (Introduce Field)
Introduce Parameter	Tạo tham số (Introduce Parameter)
Introduce Variable	Tạo biến (Introduce Variable)
Invert colors	Đảo ngược màu
Invert selected mask	Đảo ngược mask đã chọn
Invert selection	Đảo ngược vùng chọn
Invoke Help	Mở Trợ giúp
Italic	Nghiêng
Italic (only for fonts with italic face)	Nghiêng (chỉ với phông chữ có kiểu nghiêng)
Italicise selected text	In nghiêng văn bản đã chọn
Join	Nối
Join Lines	Nối dòng
Jump to a conversation	Chuyển đến cuộc trò chuyện
Jump to a conversation (alt)	Chuyển đến cuộc trò chuyện (cách khác)
Jump to address bar	Chuyển đến thanh địa chỉ
Jump to address bar (alt)	Chuyển đến thanh địa chỉ (cách khác)
Jump to last read or newest message	Chuyển đến tin nhắn đã đọc gần nhất hoặc tin mới nhất
Jump to Last Tool Window	Chuyển đến cửa sổ công cụ dùng gần nhất
Jump to most recent unread message	Chuyển đến tin nhắn chưa đọc mới nhất
Jump to next channel or DM in sidebar	Chuyển đến kênh hoặc DM tiếp theo trong thanh bên
Jump to next tab	Chuyển đến thẻ tiếp theo
Jump to next unread channel or DM	Chuyển đến kênh hoặc DM chưa đọc tiếp theo
Jump to oldest unread message	Chuyển đến tin nhắn chưa đọc cũ nhất
Jump to previous channel or DM in sidebar	Chuyển đến kênh hoặc DM trước trong thanh bên
Jump to previous tab	Chuyển đến thẻ trước
Jump to previous unread channel or DM	Chuyển đến kênh hoặc DM chưa đọc trước đó
Jump to rightmost tab	Chuyển đến thẻ ngoài cùng bên phải
Jump to specific tab (1–8)	Chuyển đến thẻ cụ thể (1–8)
Jump to the edge of the data	Chuyển đến mép vùng dữ liệu
Justify	Căn đều
Justify all lines	Căn đều tất cả các dòng
Justify paragraph	Căn đều đoạn văn
Justify paragraph; force last line	Căn đều đoạn văn; buộc căn đều dòng cuối
Justify paragraph; left align last line	Căn đều đoạn văn; căn trái dòng cuối
Justify text	Căn đều văn bản
Justify text left	Căn trái văn bản
Keep Pen tool selected when pointer is over path or anchor point	Giữ chọn công cụ Pen khi con trỏ nằm trên path hoặc điểm neo
Keyframes and the Graph Editor	Keyframe và Graph Editor
Knife tool	Công cụ Knife
Lasso select	Chọn bằng Lasso
Lasso tool	Công cụ Lasso
Last cell in the column	Ô cuối cùng trong cột
Last cell in the row	Ô cuối cùng trong hàng
Last frame	Frame cuối cùng
Last page in section	Trang cuối cùng trong phần
Layers	Layer
Layers and Objects	Layer và đối tượng
Layers panel	Bảng Layer
Left align paragraph	Căn trái đoạn văn
Library window (History)	Cửa sổ Thư viện (Lịch sử)
Like or unlike the post	Thích hoặc bỏ thích bài đăng
Line tool	Công cụ Line
Link tasks	Liên kết nhiệm vụ
Live Paint Bucket tool	Công cụ Live Paint Bucket
Live Paint Selection tool	Công cụ Live Paint Selection
Local view (toggle)	Chế độ xem cục bộ (bật/tắt)
Lock a selection	Khoá vùng chọn
Lock all deselected artwork	Khoá tất cả đối tượng không được chọn
Lock guides	Khoá đường gióng
Lock selected layers	Khoá các layer đã chọn
Lock Telegram (if local password set)	Khoá Telegram (nếu đã đặt mật khẩu cục bộ)
Lock the device	Khoá thiết bị
Lock the device orientation	Khoá hướng xoay thiết bị
Loop cut	Loop cut
Lower layer	Hạ layer xuống
Lower layer to bottom	Hạ layer xuống dưới cùng
Lower selection one step	Hạ vùng chọn xuống một bậc
Lower selection to bottom	Hạ vùng chọn xuống dưới cùng
Magic Wand tool	Công cụ Magic Wand
Main menu	Menu chính
Make a clipping mask	Tạo clipping mask
Make guides	Tạo đường gióng
Make Live Paint (when using the Paint Bucket tool)	Tạo Live Paint (khi dùng công cụ Paint Bucket)
Make UWP app full screen	Chuyển ứng dụng UWP sang toàn màn hình
Mark a group of messages as read	Đánh dấu một nhóm tin nhắn là đã đọc
Mark all as read	Đánh dấu tất cả là đã đọc
Mark all messages above as unread	Đánh dấu tất cả tin nhắn phía trên là chưa đọc
Mark all messages as read	Đánh dấu tất cả tin nhắn là đã đọc
Mark all messages in current conversation as read	Đánh dấu tất cả tin nhắn trong cuộc trò chuyện hiện tại là đã đọc
Mark as read	Đánh dấu là đã đọc
Mark as unread	Đánh dấu là chưa đọc
Mark channel as read	Đánh dấu kênh là đã đọc
Mark message as important	Đánh dấu tin nhắn là quan trọng
Mark messages read or unread	Đánh dấu tin nhắn là đã đọc hoặc chưa đọc
Mark server as read	Đánh dấu máy chủ là đã đọc
Masks	Mask
Maximize or restore the active window	Phóng to hoặc khôi phục cửa sổ đang hoạt động
Maximize the active window	Phóng to cửa sổ đang hoạt động
Measure tool	Công cụ Measure
Medium heading	Tiêu đề cỡ vừa
Meetings and calls	Cuộc họp và cuộc gọi
Merge vertices menu	Menu gộp đỉnh
Merge visible layers	Gộp các layer đang hiển thị
Mesh tool	Công cụ Mesh
Message reading	Đọc tin nhắn
Messages	Tin nhắn
Messaging	Nhắn tin
Minimize all windows	Thu nhỏ tất cả cửa sổ
Minimize or restore all other windows	Thu nhỏ hoặc khôi phục tất cả các cửa sổ khác
Minimize Telegram	Thu nhỏ Telegram
Minimize the active window	Thu nhỏ cửa sổ đang hoạt động
Minimize to system tray	Thu nhỏ xuống khay hệ thống
Miniplayer	Trình phát thu nhỏ
Miscellaneous	Khác
Modifying layer properties	Thay đổi thuộc tính layer
Momentarily activate Eraser tool with Last Stroke Only option	Kích hoạt tạm thời công cụ Eraser với tuỳ chọn Last Stroke Only
Monospace	Chữ monospace
Motion Tracking	Motion Tracking
Mouse Highlighter	Mouse Highlighter
Move	Di chuyển
Move (grab)	Di chuyển (grab)
Move a selection to the back	Đưa vùng chọn ra sau cùng
Move a selection to the front	Đưa vùng chọn lên trên cùng
Move an object	Di chuyển đối tượng
Move anchor point and handles while drawing	Di chuyển điểm neo và tay cầm trong khi vẽ
Move around	Di chuyển xung quanh
Move caret to line end	Di chuyển con trỏ đến cuối dòng
Move caret to line start	Di chuyển con trỏ đến đầu dòng
Move caret to next word	Di chuyển con trỏ đến từ tiếp theo
Move caret to previous word	Di chuyển con trỏ đến từ trước
Move caret to text end	Di chuyển con trỏ đến cuối văn bản
Move caret to text start	Di chuyển con trỏ đến đầu văn bản
Move cursor	Di chuyển con trỏ
Move cursor to next word	Di chuyển con trỏ đến từ tiếp theo
Move cursor to start of multi-line message	Di chuyển con trỏ đến đầu tin nhắn nhiều dòng
Move cursor to start of previous word	Di chuyển con trỏ đến đầu từ trước
Move down one paragraph	Di chuyển xuống một đoạn văn
Move down one screen	Di chuyển xuống một màn hình
Move earlier or later by number of frames specified for stroke Duration	Dịch sớm hơn hoặc muộn hơn theo số frame đã đặt cho Duration của nét vẽ
Move Editor Left	Di chuyển trình soạn thảo sang trái
Move Editor Right	Di chuyển trình soạn thảo sang phải
Move feature region, search region, and attach point 1 pixel at current magnification	Di chuyển vùng đặc trưng, vùng tìm kiếm và điểm gắn 1 pixel ở mức thu phóng hiện tại
Move focus down	Di chuyển tiêu điểm xuống
Move focus left	Di chuyển tiêu điểm sang trái
Move focus right	Di chuyển tiêu điểm sang phải
Move focus to a different pane of the window	Di chuyển tiêu điểm đến ngăn khác của cửa sổ
Move focus to chat or channel list	Di chuyển tiêu điểm đến danh sách trò chuyện hoặc kênh
Move focus to message pane	Di chuyển tiêu điểm đến ngăn tin nhắn
Move focus to next pane	Di chuyển tiêu điểm đến ngăn tiếp theo
Move focus to next section	Di chuyển tiêu điểm đến phần tiếp theo
Move focus to previous pane	Di chuyển tiêu điểm đến ngăn trước
Move focus to previous section	Di chuyển tiêu điểm đến phần trước
Move focus to web content pane	Di chuyển tiêu điểm đến ngăn nội dung web
Move focus up	Di chuyển tiêu điểm lên trên
Move insertion point to beginning or end of line	Di chuyển điểm chèn về đầu hoặc cuối dòng
Move item in list down	Di chuyển mục trong danh sách xuống dưới
Move item in list up	Di chuyển mục trong danh sách lên trên
Move line down	Di chuyển dòng xuống dưới
Move line up	Di chuyển dòng lên trên
Move one character right or left	Di chuyển một ký tự sang phải hoặc trái
Move one word left	Di chuyển một từ sang trái
Move one word right	Di chuyển một từ sang phải
Move one word right or left	Di chuyển một từ sang phải hoặc trái
Move one word to the left	Di chuyển một từ về bên trái
Move one word to the right	Di chuyển một từ về bên phải
Move paragraph down	Di chuyển đoạn văn xuống dưới
Move paragraph up	Di chuyển đoạn văn lên trên
Move selected layers 1 frame earlier or later	Di chuyển các layer đã chọn sớm hơn hoặc muộn hơn 1 frame
Move selected layers 1 pixel at current magnification (Position)	Di chuyển các layer đã chọn 1 pixel ở mức phóng đại hiện tại (Position)
Move selected layers so that their In point is at beginning of composition	Di chuyển các layer đã chọn sao cho điểm In nằm ở đầu composition
Move selected layers so that their Out point is at end of composition	Di chuyển các layer đã chọn sao cho điểm Out nằm ở cuối composition
Move selected path points 1 pixel at current magnification	Di chuyển các điểm path đã chọn 1 pixel ở mức phóng đại hiện tại
Move selected task down	Di chuyển tác vụ đã chọn xuống dưới
Move selected task up	Di chuyển tác vụ đã chọn lên trên
Move selection	Di chuyển vùng chọn
Move selection by 10 times	Di chuyển vùng chọn gấp 10 lần
Move selection by 10th	Di chuyển vùng chọn theo bước 1/10
Move selection in 10x user-defined increments	Di chuyển vùng chọn theo bước do người dùng xác định nhân 10
Move selection in user-defined increments	Di chuyển vùng chọn theo bước do người dùng xác định
Move slide down in order	Di chuyển trang chiếu xuống dưới trong thứ tự
Move slide to beginning	Di chuyển trang chiếu về đầu
Move slide to end	Di chuyển trang chiếu về cuối
Move slide up in order	Di chuyển trang chiếu lên trên trong thứ tự
Move statement down	Di chuyển câu lệnh xuống dưới
Move statement up	Di chuyển câu lệnh lên trên
Move tab left	Di chuyển thẻ sang trái
Move tab right	Di chuyển thẻ sang phải
Move tab to end	Di chuyển thẻ về cuối
Move tab to start	Di chuyển thẻ về đầu
Move the cursor one word	Di chuyển con trỏ một từ
Move timescale left one page	Di chuyển thang thời gian sang trái một trang
Move timescale right one page	Di chuyển thang thời gian sang phải một trang
Move timescale to beginning of project	Di chuyển thang thời gian về đầu dự án
Move timescale to end of project	Di chuyển thang thời gian về cuối dự án
Move to beginning of worksheet	Di chuyển về đầu trang tính
Move to collection	Di chuyển đến bộ sưu tập
Move to edge of data region	Di chuyển đến mép vùng dữ liệu
Move to first field in current record	Di chuyển đến trường đầu tiên trong bản ghi hiện tại
Move to first field in row	Di chuyển đến trường đầu tiên trong hàng
Move to first field of first row	Di chuyển đến trường đầu tiên của hàng đầu tiên
Move to first record	Di chuyển đến bản ghi đầu tiên
Move to first/last cell in column	Di chuyển đến ô đầu/cuối trong cột
Move to first/last cell in row	Di chuyển đến ô đầu/cuối trong hàng
Move to last field in current record	Di chuyển đến trường cuối cùng trong bản ghi hiện tại
Move to last field in row	Di chuyển đến trường cuối cùng trong hàng
Move to last field of last row	Di chuyển đến trường cuối cùng của hàng cuối cùng
Move to last record	Di chuyển đến bản ghi cuối cùng
Move to last used cell	Di chuyển đến ô đã dùng cuối cùng
Move to layer above	Di chuyển đến layer phía trên
Move to layer below	Di chuyển đến layer phía dưới
Move to next cell	Di chuyển đến ô tiếp theo
Move to next chat	Di chuyển đến cuộc trò chuyện tiếp theo
Move to next field	Di chuyển đến trường tiếp theo
Move to next frame or pop-up	Di chuyển đến frame hoặc cửa sổ bật lên tiếp theo
Move to next/previous cell	Di chuyển đến ô tiếp theo/trước
Move to preceding cell	Di chuyển đến ô liền trước
Move to previous cell	Di chuyển đến ô trước
Move to previous chat	Di chuyển đến cuộc trò chuyện trước
Move to previous field	Di chuyển đến trường trước
Move to previous frame or pop-up	Di chuyển đến frame hoặc cửa sổ bật lên trước
Move to previous or next paragraph	Di chuyển đến đoạn văn trước hoặc tiếp theo
Move to right or left one word	Di chuyển sang phải hoặc trái một từ
Move to same field in next record	Di chuyển đến cùng trường trong bản ghi tiếp theo
Move to same field in previous record	Di chuyển đến cùng trường trong bản ghi trước
Move to start or end of line	Di chuyển về đầu hoặc cuối dòng
Move to start or end of story	Di chuyển về đầu hoặc cuối bài viết
Move to that tab number	Di chuyển đến thẻ theo số thứ tự đó
Move to the next tab	Di chuyển đến thẻ tiếp theo
Move to the previous tab	Di chuyển đến thẻ trước
Move up a level in the folder path	Di chuyển lên một cấp trong đường dẫn thư mục
Move up one paragraph	Di chuyển lên một đoạn văn
Move up one screen	Di chuyển lên một màn hình
Move up or down one line	Di chuyển lên hoặc xuống một dòng
Move up or down one paragraph	Di chuyển lên hoặc xuống một đoạn văn
Move window to monitor	Di chuyển cửa sổ sang màn hình khác
Move Zoom marquee while dragging with the Zoom tool	Di chuyển khung chọn Zoom trong khi kéo bằng công cụ Zoom
Mute or unmute	Tắt hoặc bật tiếng
Mute or unmute audio	Tắt hoặc bật âm thanh
Mute the current tab	Tắt tiếng thẻ hiện tại
Named copy selection	Sao chép vùng chọn vào bảng tạm có tên
Named cut selection	Cắt vùng chọn vào bảng tạm có tên
Named paste clipboard	Dán từ bảng tạm có tên
Navigate	Điều hướng
Navigate a canvas	Điều hướng canvas
Navigate between channels (down)	Điều hướng giữa các kênh (xuống)
Navigate between channels (up)	Điều hướng giữa các kênh (lên)
Navigate between servers (down)	Điều hướng giữa các máy chủ (xuống)
Navigate between servers (up)	Điều hướng giữa các máy chủ (lên)
Navigate between unread channels (down)	Điều hướng giữa các kênh chưa đọc (xuống)
Navigate between unread channels (up)	Điều hướng giữa các kênh chưa đọc (lên)
Navigate between unread channels with mentions (down)	Điều hướng giữa các kênh chưa đọc có lượt nhắc (xuống)
Navigate between unread channels with mentions (up)	Điều hướng giữa các kênh chưa đọc có lượt nhắc (lên)
Navigate conversations	Điều hướng các cuộc trò chuyện
Navigate databases	Điều hướng các cơ sở dữ liệu
Navigate from symbols	Điều hướng từ các ký hiệu
Navigate Outlook	Điều hướng Outlook
Navigate to next document	Điều hướng đến tài liệu tiếp theo
Navigate to next document group	Điều hướng đến nhóm tài liệu tiếp theo
Navigate to previous document	Điều hướng đến tài liệu trước
Navigate to previous document group	Điều hướng đến nhóm tài liệu trước
Navigate to the next folder	Điều hướng đến thư mục tiếp theo
Navigate to the previous folder	Điều hướng đến thư mục trước
Navigating through and selecting text	Điều hướng và chọn văn bản
Navigation	Điều hướng
Navigation window	Cửa sổ điều hướng
Network	Mạng
New adjustment layer	Tạo layer điều chỉnh mới
New chat session	Tạo phiên trò chuyện mới
New composition	Tạo composition mới
New Composition from selection	Tạo Composition mới từ vùng chọn
New console window	Mở cửa sổ console mới
New document	Tạo tài liệu mới
New file	Tạo file mới
New image	Tạo hình ảnh mới
New incognito window	Mở cửa sổ ẩn danh mới
New InPrivate window	Mở cửa sổ InPrivate mới
New line	Xuống dòng
New line inside a cell	Xuống dòng trong ô
New mask	Tạo mask mới
New picture	Tạo ảnh mới
New Postman window	Mở cửa sổ Postman mới
New presentation	Tạo bản trình bày mới
New private window	Mở cửa sổ riêng tư mới
New project	Tạo dự án mới
New runner tab	Mở thẻ runner mới
New solid layer	Tạo layer solid mới
New tab	Mở thẻ mới
New window	Mở cửa sổ mới
New…	Tạo mới…
Newer conversation	Cuộc trò chuyện mới hơn
Next document window	Cửa sổ tài liệu tiếp theo
Next frame	Frame tiếp theo
Next item	Mục tiếp theo
Next page	Trang tiếp theo
Next page in section	Trang tiếp theo trong phần
Next page in the drawing	Trang tiếp theo trong bản vẽ
Next post	Bài đăng tiếp theo
Next slide	Trang chiếu tiếp theo
Next tab	Thẻ tiếp theo
Next video	Video tiếp theo
Next worksheet	Trang tính tiếp theo
Node tool	Công cụ Node
None	Không
Normal	Bình thường
Nudge object in small increments	Dịch chuyển đối tượng theo bước nhỏ
Nudge one pixel	Dịch chuyển một pixel
Nudge selected object	Dịch chuyển nhẹ đối tượng đã chọn
Numbered list	Danh sách đánh số
Object	Đối tượng
Object mode	Chế độ đối tượng
Object Properties	Thuộc tính đối tượng
Objects	Đối tượng
Objects and layers	Đối tượng và layer
Office key (keyboards that have one)	Phím Office (bàn phím có phím này)
Older conversation	Cuộc trò chuyện cũ hơn
One screen to the left	Sang trái một màn hình
One screen to the right	Sang phải một màn hình
Open	Mở
Open 1st app on app bar	Mở ứng dụng thứ 1 trên thanh ứng dụng
Open 2nd app on app bar	Mở ứng dụng thứ 2 trên thanh ứng dụng
Open 3rd app on app bar	Mở ứng dụng thứ 3 trên thanh ứng dụng
Open a document	Mở tài liệu
Open a file in Edge	Mở file trong Edge
Open a new instance of Publisher	Mở phiên Publisher mới
Open a new OneNote window	Mở cửa sổ OneNote mới
Open a new tab	Mở thẻ mới
Open a new window	Mở cửa sổ mới
Open a project file	Mở file dự án
Open a publication	Mở ấn phẩm
Open a search query in the address bar	Mở truy vấn tìm kiếm trong thanh địa chỉ
Open Accessibility Settings	Mở Cài đặt trợ năng
Open Action Center	Mở Action Center
Open Align Shapes dialog	Mở hộp thoại Căn chỉnh hình dạng
Open an existing database	Mở cơ sở dữ liệu hiện có
Open app in Taskbar	Mở ứng dụng trên thanh tác vụ
Open as administrator	Mở với quyền quản trị viên
Open Auto-Orientation dialog box for selected layers	Mở hộp thoại Auto-Orientation cho các layer đã chọn
Open Bookmarks Manager	Mở Trình quản lý dấu trang
Open browser tab	Mở thẻ trình duyệt
Open Cast	Mở Cast
Open chat in agent mode	Mở chat ở chế độ agent
Open Chat view	Mở chế độ xem Chat
Open Chrome Task Manager	Mở Trình quản lý tác vụ của Chrome
Open clear browsing data options	Mở tuỳ chọn xoá dữ liệu duyệt web
Open Click to Do	Mở Click to Do
Open Collections	Mở Bộ sưu tập
Open Color Guide	Mở Color Guide
Open Composition Mini-Flowchart for active composition	Mở Composition Mini-Flowchart cho composition đang hoạt động
Open Composition Settings dialog box for selected composition	Mở hộp thoại Composition Settings cho composition đã chọn
Open contacts	Mở danh bạ
Open context menu	Mở menu ngữ cảnh
Open conversation details	Mở chi tiết cuộc trò chuyện
Open Copilot	Mở Copilot
Open Date and Time	Mở Ngày và giờ
Open default settings file	Mở file cài đặt mặc định
Open Developer Tools	Mở Công cụ nhà phát triển
Open Developer Tools (alt)	Mở Công cụ nhà phát triển (cách khác)
Open dialog box (direct)	Mở hộp thoại (trực tiếp)
Open document	Mở tài liệu
Open domain search	Mở tìm kiếm theo tên miền
Open Downloads	Mở mục Tải xuống
Open Downloads page	Mở trang Tải xuống
Open editor inline chat	Mở inline chat trong trình soạn thảo
Open Effect Controls panel for selected layers	Mở bảng Effect Controls cho các layer đã chọn
Open Excel	Mở Excel
Open Favorites	Mở Mục yêu thích
Open feedback form	Mở biểu mẫu phản hồi
Open Feedback Hub	Mở Feedback Hub
Open file	Mở file
Open file Explorer	Mở File Explorer
Open file in Chrome	Mở file trong Chrome
Open filter	Mở bộ lọc
Open Find Bar	Mở thanh tìm
Open find on page	Mở tìm trên trang
Open Find tab	Mở thẻ Tìm
Open Flowchart panel for project flowchart	Mở bảng Flowchart cho sơ đồ dự án
Open Font dialog	Mở hộp thoại Phông chữ
Open Format Cells dialog	Mở hộp thoại Định dạng ô
Open from template	Mở từ mẫu
Open Game Bar	Mở Game Bar
Open Go To dialog	Mở hộp thoại Đi tới
Open Help	Mở Trợ giúp
Open Help Center	Mở Trung tâm trợ giúp
Open History	Mở Lịch sử
Open History page	Mở trang Lịch sử
Open home page in current tab	Mở trang chủ trong thẻ hiện tại
Open image	Mở hình ảnh
Open image as new layer	Mở hình ảnh thành layer mới
Open Interpret Footage dialog box for selected footage item	Mở hộp thoại Interpret Footage cho mục footage đã chọn
Open jump list	Mở danh sách chuyển nhanh
Open Justification dialog box	Mở hộp thoại Justification
Open Keep Options dialog box	Mở hộp thoại Keep Options
Open Keyboard Shortcuts	Mở Phím tắt
Open LinkedIn	Mở LinkedIn
Open macro dialog	Mở hộp thoại macro
Open Mask Feather dialog box for selected mask	Mở hộp thoại Mask Feather cho mask đã chọn
Open Mask Shape dialog box for selected mask	Mở hộp thoại Mask Shape cho mask đã chọn
Open Microsoft Teams	Mở Microsoft Teams
Open narrator	Mở Narrator
Open new default document	Mở tài liệu mặc định mới
Open new tab	Mở thẻ mới
Open new tab and search	Mở thẻ mới và tìm kiếm
Open new tab dropdown	Mở menu thả xuống thẻ mới
Open new tab with profile 1	Mở thẻ mới với hồ sơ 1
Open new tab with profile 2	Mở thẻ mới với hồ sơ 2
Open new tab with profile 3	Mở thẻ mới với hồ sơ 3
Open new tab with profile 4	Mở thẻ mới với hồ sơ 4
Open new tab with profile 5	Mở thẻ mới với hồ sơ 5
Open new window	Mở cửa sổ mới
Open next page in history	Mở trang tiếp theo trong lịch sử
Open notebook	Mở sổ tay
Open notification center	Mở trung tâm thông báo
Open OneDrive	Mở OneDrive
Open OneNote	Mở OneNote
Open Opacity dialog box for selected layers	Mở hộp thoại Opacity cho các layer đã chọn
Open or close Audio panel	Mở hoặc đóng bảng Audio
Open or close Brushes panel	Mở hoặc đóng bảng Brushes
Open or close Character panel	Mở hoặc đóng bảng Character
Open or close Effect Controls panel for selected layer	Mở hoặc đóng bảng Effect Controls cho layer đã chọn
Open or close Effects & Presets panel	Mở hoặc đóng bảng Effects & Presets
Open or close Info panel	Mở hoặc đóng bảng Info
Open or close Paint panel	Mở hoặc đóng bảng Paint
Open or close Paragraph panel	Mở hoặc đóng bảng Paragraph
Open or close Preview panel	Mở hoặc đóng bảng Preview
Open or close Project panel	Mở hoặc đóng bảng Project
Open or close Render Queue panel	Mở hoặc đóng bảng Render Queue
Open or close Tools panel	Mở hoặc đóng bảng Tools
Open or reply to a thread	Mở hoặc trả lời chuỗi hội thoại
Open Outlook	Mở Outlook
Open Paragraph Rules dialog box	Mở hộp thoại Paragraph Rules
Open Position dialog box for selected layers	Mở hộp thoại Position cho các layer đã chọn
Open Postbot	Mở Postbot
Open PowerPoint	Mở PowerPoint
Open presentation	Mở bản trình bày
Open previous page in history	Mở trang trước trong lịch sử
Open project	Mở dự án
Open project Settings	Mở cài đặt dự án
Open quick actions	Mở thao tác nhanh
Open Quick Assist	Mở Quick Assist
Open quick chat	Mở chat nhanh
Open Quick Link menu	Mở menu Liên kết nhanh
Open Rotation dialog box for selected layers	Mở hộp thoại Rotation cho các layer đã chọn
Open Run dialog	Mở hộp thoại Run
Open search	Mở tìm kiếm
Open search in sidebar	Mở tìm kiếm trong thanh bên
Open selected message in new window	Mở thư đã chọn trong cửa sổ mới
Open Send feedback dialog	Mở hộp thoại Gửi phản hồi
Open Settings	Mở Cài đặt
Open Settings about Page	Mở trang Giới thiệu trong Cài đặt
Open Settings and more menu	Mở menu Cài đặt và các tuỳ chọn khác
Open settings dialog box for selected solid, light, camera, null, or adjustment layer	Mở hộp thoại cài đặt cho layer solid, light, camera, null hoặc adjustment đã chọn
Open settings JSON file	Mở file cài đặt JSON
Open settings UI	Mở giao diện cài đặt
Open shortcut help	Mở trợ giúp phím tắt
Open shutdown box	Mở hộp thoại tắt máy
Open snap layouts	Mở bố cục snap
Open Snipping Tool	Mở Snipping Tool
Open split view in active tab	Mở chế độ xem tách đôi trong thẻ đang hoạt động
Open start menu	Mở menu Start
Open system menu	Mở menu hệ thống
Open Task Manager	Mở Trình quản lý tác vụ
Open task view	Mở chế độ xem nhiệm vụ
Open the Activity view	Mở chế độ xem Hoạt động
Open the All unread view	Mở chế độ xem Tất cả tin chưa đọc
Open the Character panel	Mở bảng Character
Open the Chrome menu	Mở menu Chrome
Open the clipboard history	Mở lịch sử bảng tạm
Open the Color Settings dialog box	Mở hộp thoại Color Settings
Open the conversation	Mở cuộc trò chuyện
Open the Curves dialog	Mở hộp thoại Curves
Open the Document Setup dialog box	Mở hộp thoại Document Setup
Open the emoji panel	Mở bảng emoji
Open the Export for screens dialog box	Mở hộp thoại Export for screens
Open the File Information dialog box	Mở hộp thoại File Information
Open the Format Shape task pane	Mở ngăn tác vụ Định dạng Hình
Open the Home tab on the ribbon	Mở thẻ Trang đầu trên dải băng
Open the Home view	Mở chế độ xem Trang chủ
Open the Keyboard Shortcuts dialog box	Mở hộp thoại Phím tắt
Open the More view	Mở chế độ xem Thêm
Open the OpenType panel	Mở bảng OpenType
Open the Paragraph panel	Mở bảng Paragraph
Open the People view	Mở chế độ xem Mọi người
Open the Preferences dialog box	Mở hộp thoại Tùy chọn
Open the Save As dialog	Mở hộp thoại Lưu dưới dạng
Open the Save As dialog box	Mở hộp thoại Lưu dưới dạng
Open the Save For Web dialog box	Mở hộp thoại Save For Web
Open the Tabs panel	Mở bảng Tabs
Open the Text dialog box	Mở hộp thoại Văn bản
Open the Threads view	Mở chế độ xem Luồng
Open the Transform Each dialog box	Mở hộp thoại Transform Each
Open Vault	Mở Vault
Open version history	Mở lịch sử phiên bản
Open View Options dialog box for active Composition panel	Mở hộp thoại View Options cho bảng Composition đang hoạt động
Open Visual Basic Editor	Mở Visual Basic Editor
Open voice dictation	Mở nhập liệu bằng giọng nói
Open widgets	Mở tiện ích
Open Windows search	Mở tìm kiếm Windows
Open Word	Mở Word
Open workbook	Mở sổ tính
Open Yammer	Mở Yammer
Open your preferences	Mở tùy chọn cá nhân
Other	Khác
Outdent Line	Giảm thụt lề dòng
Outline a project	Lập dàn ý dự án
Outliner	Outliner
Package the document	Đóng gói tài liệu
Page info	Thông tin trang
Page source	Nguồn trang
Page tool	Công cụ Trang
Pages and sections	Trang và mục
Pages and view	Trang và chế độ xem
Pages panel	Bảng Pages
Paint Bucket tool	Công cụ Paint Bucket
Paint tools	Công cụ tô vẽ
Paintbrush	Paintbrush
Paintbrush tool	Công cụ Paintbrush
Palettes	Bảng màu
Pane management	Quản lý ngăn
Panels, viewers, workspaces	Bảng, trình xem, không gian làm việc
Paragraph	Đoạn văn
Paragraph formatting	Định dạng đoạn văn
Parameter info	Thông tin tham số
Parent	Đặt đối tượng cha
Paste	Dán
Paste and search or paste and go	Dán và tìm kiếm hoặc dán và truy cập
Paste animation painter	Dán hoạt hình đã sao chép
Paste as plain text	Dán dưới dạng văn bản thuần
Paste at back	Dán ở phía sau
Paste clipboard	Dán nội dung bảng tạm
Paste data	Dán dữ liệu
Paste formatting	Dán định dạng
Paste from clipboard	Dán từ bảng tạm
Paste from history	Dán từ lịch sử
Paste in front	Dán ở phía trước
Paste in place	Dán tại chỗ
Paste in place on the active artboard	Dán tại chỗ trên artboard đang hoạt động
Paste item	Dán mục
Paste layers at current time	Dán layer tại thời điểm hiện tại
Paste object formatting	Dán định dạng đối tượng
Paste on all artboards	Dán trên tất cả artboard
Paste Special	Dán đặc biệt
Paste style	Dán kiểu
Paste text only	Chỉ dán văn bản
Paste values only	Chỉ dán giá trị
Paste without formatting	Dán không kèm định dạng
Path	Path
Path to selection	Chuyển path thành vùng chọn
Paths	Path
Patterns	Hoạ tiết
Pause	Tạm dừng
Peek	Xem nhanh
Peek at desktop temporarily	Xem nhanh màn hình nền tạm thời
Peek Definition	Xem nhanh định nghĩa
Pen tool	Công cụ Pen
Pencil	Bút chì
Pencil (Freehand) tool	Công cụ Bút chì (vẽ tự do)
Pencil tool	Công cụ Bút chì
Pencil tool (Note tool)	Công cụ Bút chì (công cụ Ghi chú)
People	Mọi người
Permanently delete message	Xoá vĩnh viễn tin nhắn
Perspective	Phối cảnh
Perspective Grid	Perspective Grid
Perspective Grid Tool	Công cụ Perspective Grid
Perspective Selection Tool	Công cụ Perspective Selection
Pin a window on top	Ghim cửa sổ lên trên cùng
Pin or unpin a message	Ghim hoặc bỏ ghim tin nhắn
Place a file in the document	Chèn file vào tài liệu
Play / pause animation	Phát / tạm dừng hoạt hình
Play or pause	Phát hoặc tạm dừng
Play or pause media	Phát hoặc tạm dừng phương tiện
Pointer (Info) window	Cửa sổ Con trỏ (Thông tin)
Pop-outs and panels	Cửa sổ bật ra và bảng
Popular shortcuts	Phím tắt thông dụng
Precompose selected layers	Precompose các layer đã chọn
Prevent images from being rendered for previews in viewer panels	Ngăn render hình ảnh cho preview trong các bảng trình xem
Previews	Preview
Previous document window	Cửa sổ tài liệu trước
Previous frame	Frame trước
Previous item	Mục trước
Previous page	Trang trước
Previous page in section	Trang trước trong mục
Previous page in the drawing	Trang trước trong bản vẽ
Previous post	Bài đăng trước
Previous revision	Bản sửa đổi trước
Previous slide	Trang chiếu trước
Previous tab	Thẻ trước
Previous video	Video trước
Previous worksheet	Trang tính trước
Print	In
Print current page	In trang hiện tại
Print preview	Xem trước khi in
Print the current or selected object	In đối tượng hiện tại hoặc đã chọn
Print the current page	In trang hiện tại
Print using the system dialog	In bằng hộp thoại hệ thống
Profiler	Profiler
Projects	Dự án
Promote paragraph	Thăng cấp đoạn văn
Properties	Thuộc tính
Push	Push
Python Console	Python Console
Quake mode (drop-down window)	Chế độ Quake (cửa sổ thả xuống)
Question tag	Nhãn câu hỏi
Quick Analysis	Phân tích nhanh
Quick documentation	Xem tài liệu nhanh
Quick find	Tìm nhanh
Quick find within link text	Tìm nhanh trong văn bản liên kết
Quick Fix	Sửa nhanh
Quick Open / Go to File	Mở nhanh / Đi tới file
Quit	Thoát
Quit Blender	Thoát Blender
Quit Inkscape	Thoát Inkscape
Quit Slack	Thoát Slack
Quit Telegram	Thoát Telegram
Quote selected text	Trích dẫn văn bản đã chọn
Raise layer	Nâng layer
Raise layer to top	Nâng layer lên trên cùng
Raise or lower your hand	Giơ hoặc hạ tay
Raise selection one step	Nâng vùng chọn lên một bậc
Raise selection to top	Nâng vùng chọn lên trên cùng
React to the last message	Bày tỏ cảm xúc với tin nhắn gần nhất
Reapply a transformation to an object	Áp dụng lại phép biến đổi cho đối tượng
Reapply transform	Áp dụng lại phép biến đổi
Rebuild	Build lại
Recent Files	File gần đây
Recompose all stories	Sắp chữ lại tất cả story
Rectangle Frame tool	Công cụ Frame chữ nhật
Rectangle Select	Chọn hình chữ nhật
Rectangle tool	Công cụ hình chữ nhật
Redo	Làm lại
Redo last action	Làm lại thao tác gần nhất
Redo or repeat last action	Làm lại hoặc lặp lại thao tác gần nhất
Redraw screen	Vẽ lại màn hình
Refactor This	Refactor mục này
Refactorings	Refactoring
Reflect tool	Công cụ Reflect
Reformat Code	Định dạng lại code
Refresh	Làm mới
Refresh all data in workbook	Làm mới toàn bộ dữ liệu trong sổ tính
Refresh data in current worksheet	Làm mới dữ liệu trong trang tính hiện tại
Refresh the window	Làm mới cửa sổ
Regroup objects	Nhóm lại các đối tượng
Reject all	Từ chối tất cả
Release a clipping mask	Huỷ clipping mask
Release a compound path	Huỷ compound path
Release clip	Huỷ clip
Release guides	Giải phóng đường gióng
Reload	Tải lại
Reload (override cache)	Tải lại (bỏ qua cache)
Reload current page	Tải lại trang hiện tại
Reload selected footage items	Tải lại các mục footage đã chọn
Reload the current page	Tải lại trang hiện tại
Reload, ignoring cache	Tải lại, bỏ qua cache
Reload, ignoring cached content	Tải lại, bỏ qua nội dung đã lưu trong cache
Remember footage interpretation	Ghi nhớ cách diễn giải footage
Remember for later tag	Tag Ghi nhớ để dùng sau
Remove a task indent	Bỏ thụt lề nhiệm vụ
Remove all note tags	Xoá tất cả tag ghi chú
Remove cell contents	Xoá nội dung ô
Remove formatting	Xoá định dạng
Remove manual character formatting	Xoá định dạng ký tự thủ công
Remove outline border	Xoá viền ngoài
Remove paragraph formatting	Xoá định dạng đoạn văn
Rename	Đổi tên
Rename item	Đổi tên mục
Rename Symbol	Đổi tên symbol
Rename the selected item	Đổi tên mục đã chọn
Render and animation	Render và hoạt ảnh
Render animation	Render hoạt ảnh
Render image	Render hình ảnh
Reopen Closed Editor	Mở lại trình soạn thảo đã đóng
Reopen last closed tab	Mở lại thẻ đã đóng gần nhất
Reopen last closed window	Mở lại cửa sổ đã đóng gần nhất
Reopen previously closed tab	Mở lại thẻ đã đóng trước đó
Reopen the last closed tab	Mở lại thẻ đã đóng gần nhất
Repeat last filter	Lặp lại bộ lọc gần nhất
Repeat transforming objects in perspective	Lặp lại biến đổi đối tượng trong phối cảnh
Replace	Thay thế
Replace in Files	Thay thế trong file
Replace selected footage item	Thay thế mục footage đã chọn
Replace selection with Change To text	Thay thế vùng chọn bằng văn bản Change To
Replace text	Thay thế văn bản
Reply	Trả lời
Reply all	Trả lời tất cả
Reply to email	Trả lời email
Reply to the last message	Trả lời tin nhắn gần nhất
Request	Request
Request URL	URL của request
Reselect	Chọn lại
Reset font size	Đặt lại cỡ chữ
Reset horizontal or vertical scale to 100%	Đặt lại tỷ lệ ngang hoặc dọc về 100%
Reset horizontal scale to 100%	Đặt lại tỷ lệ ngang về 100%
Reset layout	Đặt lại bố cục
Reset page zoom level	Đặt lại mức thu phóng của trang
Reset sort order and turn off grouping	Đặt lại thứ tự sắp xếp và tắt nhóm
Reset to default colors	Đặt lại về màu mặc định
Reset tracking to 0 for selected text	Đặt lại tracking về 0 cho văn bản đã chọn
Reset tracking/kerning to 0	Đặt lại tracking/kerning về 0
Reset zoom	Đặt lại thu phóng
Reset zoom level	Đặt lại mức thu phóng
Reset zoom to 100%	Đặt lại thu phóng về 100%
Reshow last filter	Hiển thị lại bộ lọc gần nhất
Resize all columns to fit text	Điều chỉnh tất cả các cột vừa với văn bản
Resize and skew	Đổi kích cỡ và độ xiên
Resize pane down	Thay đổi kích thước ngăn xuống dưới
Resize pane left	Thay đổi kích thước ngăn sang trái
Resize pane right	Thay đổi kích thước ngăn sang phải
Resize pane up	Thay đổi kích thước ngăn lên trên
Responsive Design View	Chế độ xem thiết kế responsive
Restore window	Khôi phục cửa sổ
Resume Program	Tiếp tục chương trình
Return to active audio channel	Quay lại kênh âm thanh đang hoạt động
Return to previous text channel	Quay lại kênh văn bản trước
Return to previous view	Quay lại chế độ xem trước
Reveal hidden	Hiện mục ẩn
Reveal typed password	Hiện mật khẩu đã nhập
Reverse selected layers in time	Đảo ngược thời gian các layer đã chọn
Revert	Hoàn nguyên
Review	Xem lại
Rich languages editing	Soạn thảo ngôn ngữ nâng cao
Right align paragraph	Căn phải đoạn văn
Right view	Chế độ xem bên phải
Rollback	Rollback
Rotate	Xoay
Rotate object clockwise 15 degrees	Xoay đối tượng 15 độ theo chiều kim đồng hồ
Rotate object counterclockwise 15 degrees	Xoay đối tượng 15 độ ngược chiều kim đồng hồ
Rotate shape left	Xoay hình sang trái
Rotate shape right	Xoay hình sang phải
Rotate tool	Công cụ xoay
Run	Chạy
Run and debug	Chạy và debug
Run Build Task	Chạy tác vụ build
Run command	Chạy lệnh
Run context configuration	Chạy cấu hình theo ngữ cảnh
Run To Cursor	Chạy đến con trỏ
Safe Delete	Xoá an toàn
Sample color from an image or intermediate color from gradient	Lấy mẫu màu từ hình ảnh hoặc màu trung gian từ gradient
Save	Lưu
Save (Save As)	Lưu (Lưu dưới dạng)
Save a copy	Lưu bản sao
Save a copy of the document	Lưu bản sao của tài liệu
Save a database object	Lưu đối tượng cơ sở dữ liệu
Save a message (or remove from Later)	Lưu thư (hoặc bỏ khỏi Later)
Save a project file	Lưu file dự án
Save all	Lưu tất cả
Save all open tabs as favorites in a new folder	Lưu tất cả thẻ đang mở làm mục yêu thích trong thư mục mới
Save as	Lưu dưới dạng
Save changes made to the document	Lưu các thay đổi của tài liệu
Save contact	Lưu liên hệ
Save current page	Lưu trang hiện tại
Save file	Lưu file
Save image	Lưu hình ảnh
Save page as	Lưu trang dưới dạng
Save project	Lưu dự án
Save request	Lưu request
Save request as	Lưu request dưới dạng
Save the current page	Lưu trang hiện tại
Save the current tab as a favorite	Lưu thẻ hiện tại làm mục yêu thích
Save the document as script files	Lưu tài liệu dưới dạng file script
Save under a new name	Lưu với tên mới
Save user preferences	Lưu tuỳ chọn người dùng
Save workbook	Lưu sổ tính
Saving, exporting, and rendering	Lưu, xuất và render
Scale	Thay đổi tỷ lệ
Scale and reposition selected layers to fit composition	Thay đổi tỷ lệ và định vị lại các layer đã chọn cho vừa composition
Scale tool	Công cụ thay đổi tỷ lệ
Schedule a meeting	Lên lịch cuộc họp
Scissors	Kéo cắt
Scissors tool	Công cụ kéo cắt
Screen Ruler	Thước đo màn hình
Scroll chat down a screen	Cuộn khung chat xuống một màn hình
Scroll chat up a screen	Cuộn khung chat lên một màn hình
Scroll down a screen	Cuộn xuống một màn hình
Scroll down one line	Cuộn xuống một dòng
Scroll down one page	Cuộn xuống một trang
Scroll timescale left	Cuộn thang thời gian sang trái
Scroll timescale right	Cuộn thang thời gian sang phải
Scroll to bottom	Cuộn xuống dưới cùng
Scroll to current time in Timeline panel	Cuộn đến thời điểm hiện tại trong bảng Timeline
Scroll to top	Cuộn lên trên cùng
Scroll topmost selected layer to top of Timeline panel	Cuộn layer được chọn trên cùng lên đầu bảng Timeline
Scroll up a screen	Cuộn lên một màn hình
Scroll up one line	Cuộn lên một dòng
Scroll up one page	Cuộn lên một trang
Scrollback	Lịch sử cuộn
Search	Tìm kiếm
Search all notebooks	Tìm kiếm trong tất cả sổ tay
Search current page	Tìm kiếm trong trang hiện tại
Search for a contact	Tìm kiếm liên hệ
Search from anywhere on the page	Tìm kiếm từ bất kỳ đâu trên trang
Search in current conversation	Tìm kiếm trong cuộc trò chuyện hiện tại
Search in current workspace	Tìm kiếm trong không gian làm việc hiện tại
Search in selected chat	Tìm kiếm trong đoạn chat đã chọn
Search mail	Tìm kiếm thư
Search menu (operator search)	Menu tìm kiếm (tìm kiếm bằng toán tử)
Search Messenger chats	Tìm kiếm các đoạn chat trên Messenger
Search sidebar	Tìm kiếm trong thanh bên
Search tabs	Tìm kiếm thẻ
Search with Bing	Tìm kiếm bằng Bing
Select a column	Chọn một cột
Select a row	Chọn một hàng
Select all	Chọn tất cả
Select all / deselect all (toggle)	Chọn tất cả / bỏ chọn tất cả (bật/tắt)
Select all contacts	Chọn tất cả liên hệ
Select all guides	Chọn tất cả đường gióng
Select all in story	Chọn tất cả trong story
Select all objects	Chọn tất cả đối tượng
Select all occurrences of current selection	Chọn tất cả các lần xuất hiện của vùng chọn hiện tại
Select all on page	Chọn tất cả trên trang
Select all rows and columns	Chọn tất cả hàng và cột
Select all text in a text block	Chọn tất cả văn bản trong khối văn bản
Select all visible keyframes and properties	Chọn tất cả keyframe và thuộc tính đang hiển thị
Select arc tool	Chọn công cụ vẽ cung
Select artwork in active artboard	Chọn đối tượng trong artboard đang hoạt động
Select block of text	Chọn khối văn bản
Select By Color	Chọn theo màu
Select cell above/below the current cell	Chọn ô phía trên/phía dưới ô hiện tại
Select cell to the right/left of the current cell	Chọn ô bên phải/bên trái ô hiện tại
Select color fill mode	Chọn chế độ tô màu
Select Connector tool	Chọn công cụ Connector
Select current line	Chọn dòng hiện tại
Select ellipse tool	Chọn công cụ hình elip
Select entire column	Chọn toàn bộ cột
Select entire row	Chọn toàn bộ hàng
Select entire worksheet	Chọn toàn bộ trang tính
Select first layer	Chọn layer đầu tiên
Select first or last frame in story	Chọn frame đầu tiên hoặc cuối cùng trong story
Select first/last frame	Chọn frame đầu/cuối
Select freeform tool	Chọn công cụ vẽ tự do
Select gradient fill mode	Chọn chế độ tô gradient
Select in a sheet view	Chọn trong chế độ xem trang tính
Select item	Chọn mục
Select last layer	Chọn layer cuối cùng
Select layer above	Chọn layer phía trên
Select layer below	Chọn layer phía dưới
Select line tool	Chọn công cụ đường thẳng
Select linked	Chọn phần liên kết
Select linked under cursor	Chọn phần liên kết dưới con trỏ
Select multiple items	Chọn nhiều mục
Select next or previous frame in story	Chọn frame tiếp theo hoặc trước đó trong story
Select none	Bỏ chọn tất cả
Select one character right or left	Chọn một ký tự bên phải hoặc bên trái
Select one line above or below	Chọn một dòng phía trên hoặc phía dưới
Select one paragraph before or after	Chọn một đoạn văn phía trước hoặc phía sau
Select one word right or left	Chọn một từ bên phải hoặc bên trái
Select opposite Live Paint Bucket tool options (if Paint Fills and Paint Strokes are currently selected, switch to Paint Fills only)	Chọn tuỳ chọn ngược lại của công cụ Live Paint Bucket (nếu Paint Fills và Paint Strokes đang được chọn, chuyển sang chỉ Paint Fills)
Select original	Chọn bản gốc
Select pencil tool	Chọn công cụ bút chì
Select Pointer Tool	Chọn công cụ Pointer
Select previous/next frame	Chọn frame trước/tiếp theo
Select rectangle tool	Chọn công cụ hình chữ nhật
Select start or end of line	Chọn đến đầu hoặc cuối dòng
Select start or end of story	Chọn đến đầu hoặc cuối story
Select text block tool	Chọn công cụ khối văn bản
Select text from insertion point to beginning or end of line	Chọn văn bản từ điểm chèn đến đầu hoặc cuối dòng
Select text to beginning of line	Chọn văn bản đến đầu dòng
Select text to end of line	Chọn văn bản đến cuối dòng
Select Text tool	Chọn công cụ Text
Select the address bar	Chọn thanh địa chỉ
Select the Brush tool	Chọn công cụ Brush
Select the Ellipse tool	Chọn công cụ Ellipse
Select the Eraser tool	Chọn công cụ Eraser
Select the Frame tool	Chọn công cụ Frame
Select the Move tool	Chọn công cụ Move
Select the object above the current selection	Chọn đối tượng phía trên vùng chọn hiện tại
Select the object below the current selection	Chọn đối tượng phía dưới vùng chọn hiện tại
Select the Pen tool	Chọn công cụ Pen
Select the Rectangle tool	Chọn công cụ Rectangle
Select the search box	Chọn hộp tìm kiếm
Select the Shape Builder tool	Chọn công cụ Shape Builder
Select the Text tool	Chọn công cụ Text
Select the Type tool	Chọn công cụ Type
Select the URL in the address bar	Chọn URL trong thanh địa chỉ
Select the whole column	Chọn toàn bộ cột
Select the whole row	Chọn toàn bộ hàng
Select to beginning of document	Chọn đến đầu tài liệu
Select to beginning of line	Chọn đến đầu dòng
Select to beginning of paragraph	Chọn đến đầu đoạn văn
Select to beginning of word	Chọn đến đầu từ
Select to end of document	Chọn đến cuối tài liệu
Select to end of line	Chọn đến cuối dòng
Select to end of paragraph	Chọn đến cuối đoạn văn
Select to end of word	Chọn đến cuối từ
Select tools	Công cụ chọn
Select tracking value	Chọn giá trị tracking
Select word to the left	Chọn từ bên trái
Select word to the right	Chọn từ bên phải
Selecting and moving objects	Chọn và di chuyển đối tượng
Selection	Vùng chọn
Selection (3D Viewport)	Vùng chọn (3D Viewport)
Selection tool	Công cụ chọn
Selections	Vùng chọn
Selector tool	Công cụ Selector
Selectors and CSS	Bộ chọn và CSS
Send a selection backward	Đưa vùng chọn ra sau
Send and download request	Gửi request và tải xuống
Send and receive all folders	Gửi và nhận tất cả thư mục
Send email	Gửi email
Send file	Gửi file
Send message	Gửi tin nhắn
Send object back one position	Đưa đối tượng ra sau một vị trí
Send object forward one position	Đưa đối tượng lên trước một vị trí
Send object to back	Đưa đối tượng ra sau cùng
Send request	Gửi request
Send shape to back	Đưa hình ra sau cùng
Send the message	Gửi tin nhắn
Send the selection backward	Đưa vùng chọn ra sau
Separate selection	Tách vùng chọn
Separations Preview panel	Bảng Separations Preview
Server and channel navigation	Điều hướng máy chủ và kênh
Set beginning or end of work area to current time	Đặt điểm đầu hoặc cuối vùng làm việc tại thời điểm hiện tại
Set clip	Đặt clip
Set fill and stroke to default	Đặt màu tô và nét về mặc định
Set focus on Settings and more button	Đặt tiêu điểm vào nút Settings and more
Set focus on the app bar toolbar (first item)	Đặt tiêu điểm vào thanh công cụ của thanh ứng dụng (mục đầu tiên)
Set focus on the favorites bar (first item)	Đặt tiêu điểm vào thanh yêu thích (mục đầu tiên)
Set focus to a Windows tip	Đặt tiêu điểm vào mẹo Windows
Set horizontal scale to 100% for selected text	Đặt tỷ lệ ngang 100% cho văn bản đã chọn
Set In point or Out point by time-stretching	Đặt điểm In hoặc điểm Out bằng cách kéo giãn thời gian
Set interpolation for selected keyframes (layer bar mode)	Đặt nội suy cho các keyframe đã chọn (chế độ thanh layer)
Set keyframe interpolation method to hold or Auto Bezier	Đặt phương pháp nội suy keyframe thành hold hoặc Auto Bezier
Set paint foreground color to black and background color to white	Đặt màu vẽ tiền cảnh thành đen và màu nền thành trắng
Set proxy for selected footage item	Đặt proxy cho mục footage đã chọn
Set Quality to Best, Draft, or Wireframe for selected layers	Đặt Quality thành Best, Draft hoặc Wireframe cho các layer đã chọn
Set resolution to Full, Half, or Custom in Composition panel	Đặt độ phân giải thành Full, Half hoặc Custom trong bảng Composition
Set task to auto schedule	Đặt nhiệm vụ ở chế độ lên lịch tự động
Set task to manually schedule	Đặt nhiệm vụ ở chế độ lên lịch thủ công
Set velocity for selected keyframes	Đặt vận tốc cho các keyframe đã chọn
Set work area to duration of selected layers or, if no layers are selected, set work area to composition duration	Đặt vùng làm việc theo thời lượng của các layer đã chọn hoặc, nếu không chọn layer nào, theo thời lượng của composition
Set your status	Đặt trạng thái
Setting the sampling method for selected layers (Best/Bicubic)	Đặt phương pháp lấy mẫu cho các layer đã chọn (Best/Bicubic)
Setting the sampling method for selected layers (Best/Bilinear)	Đặt phương pháp lấy mẫu cho các layer đã chọn (Best/Bilinear)
Settings	Cài đặt
Shader Editor	Trình chỉnh sửa Shader
Shape Builder Tool	Công cụ Shape Builder
Shape Layers	Layer hình dạng
Shaper tool	Công cụ Shaper
Shapes	Hình dạng
Share the post	Chia sẻ bài đăng
Shear	Kéo xiên
Shear tool	Công cụ kéo xiên
Show / hide render window	Hiện / ẩn cửa sổ render
Show 1st Spot plate	Hiện bản màu Spot thứ 1
Show 2nd Spot plate	Hiện bản màu Spot thứ 2
Show 3rd Spot plate	Hiện bản màu Spot thứ 3
Show all bookmarks (Library window)	Hiện tất cả dấu trang (cửa sổ Thư viện)
Show All Commands (Command Palette)	Hiện tất cả lệnh (Command Palette)
Show all plates	Hiện tất cả bản màu
Show all selections	Hiện tất cả vùng chọn
Show All Symbols	Hiện tất cả ký hiệu
Show alpha boundary (outline between transparent and opaque regions) in Layer panel	Hiện ranh giới alpha (đường viền giữa vùng trong suốt và vùng mờ đục) trong bảng Layer
Show alpha overlay (colored overlay on transparent regions) in Layer panel	Hiện lớp phủ alpha (lớp phủ có màu trên vùng trong suốt) trong bảng Layer
Show Black plate	Hiện bản màu Black
Show Bookmarks window	Hiện cửa sổ Dấu trang
Show colorized red, green, or blue channel	Hiện kênh đỏ, lục hoặc lam ở dạng có màu
Show command suggestions	Hiện gợi ý lệnh
Show Commit window	Hiện cửa sổ Commit
Show Cyan plate	Hiện bản màu Cyan
Show Debug window	Hiện cửa sổ Debug
Show document template	Hiện mẫu tài liệu
Show Explorer / Toggle Focus	Hiện Explorer / Bật/tắt tiêu điểm
Show Extensions	Hiện Extensions
Show Find window	Hiện cửa sổ Tìm
Show grid	Hiện lưới
Show hidden characters	Hiện ký tự ẩn
Show Hover	Hiện chú giải hover
Show information on installed plug‑ins and InDesign components	Hiện thông tin về plugin đã cài đặt và các thành phần InDesign
Show Intention Actions	Hiện Intention Actions
Show keyboard shortcuts	Hiện phím tắt
Show Magenta plate	Hiện bản màu Magenta
Show only Anchor Point property (for lights and cameras, Point Of Interest)	Chỉ hiện thuộc tính Anchor Point (với đèn và camera là Point Of Interest)
Show only Audio Levels property	Chỉ hiện thuộc tính Audio Levels
Show only audio waveform	Chỉ hiện dạng sóng âm thanh
Show only Effects property group	Chỉ hiện nhóm thuộc tính Effects
Show only expressions	Chỉ hiện expression
Show only instances of missing effects	Chỉ hiện các trường hợp effect bị thiếu
Show only Mask Feather property	Chỉ hiện thuộc tính Mask Feather
Show only Mask Opacity property	Chỉ hiện thuộc tính Mask Opacity
Show only Mask Path property	Chỉ hiện thuộc tính Mask Path
Show only mask property groups	Chỉ hiện các nhóm thuộc tính mask
Show only Material Options property group	Chỉ hiện nhóm thuộc tính Material Options
Show only modified properties	Chỉ hiện các thuộc tính đã sửa đổi
Show only Opacity property (for lights, Intensity)	Chỉ hiện thuộc tính Opacity (với đèn là Intensity)
Show only paint strokes, Roto Brush strokes, and Puppet pins	Chỉ hiện nét vẽ, nét Roto Brush và ghim Puppet
Show only Position property	Chỉ hiện thuộc tính Position
Show only Rotation and Orientation properties	Chỉ hiện thuộc tính Rotation và Orientation
Show only Scale property	Chỉ hiện thuộc tính Scale
Show only selected properties and groups	Chỉ hiện các thuộc tính và nhóm đã chọn
Show only Time Remap property	Chỉ hiện thuộc tính Time Remap
Show or hide a property sheet	Hiện hoặc ẩn bảng thuộc tính
Show or hide bookmarks bar	Hiện hoặc ẩn thanh dấu trang
Show or hide grid	Hiện hoặc ẩn lưới
Show or hide gridlines	Hiện hoặc ẩn đường lưới
Show or hide guides	Hiện hoặc ẩn đường gióng
Show or hide layer controls (masks, motion paths, light and camera wireframes, effect control points, and layer handles)	Hiện hoặc ẩn điều khiển layer (mask, motion path, khung dây của đèn và camera, điểm điều khiển effect và tay nắm layer)
Show or hide Layer Switches and Modes columns	Hiện hoặc ẩn cột Layer Switches và Modes
Show or hide nonprinting characters	Hiện hoặc ẩn ký tự không in
Show or hide Parent column	Hiện hoặc ẩn cột Parent
Show or hide rulers	Hiện hoặc ẩn thước
Show or hide the bookmarks toolbar	Hiện hoặc ẩn thanh công cụ dấu trang
Show or hide the favorites bar	Hiện hoặc ẩn thanh yêu thích
Show or hide the Layers panel	Hiện hoặc ẩn bảng Layers
Show or hide the Navigation Pane	Hiện hoặc ẩn Ngăn dẫn hướng
Show or hide the UI	Hiện hoặc ẩn giao diện
Show Output	Hiện Output
Show Problems	Hiện Problems
Show Problems window	Hiện cửa sổ Problems
Show Project window	Hiện cửa sổ Project
Show properties with keyframes	Hiện các thuộc tính có keyframe
Show reader or edit view	Hiện chế độ xem đọc hoặc chỉnh sửa
Show red, green, blue, or alpha channel as grayscale	Hiện kênh đỏ, lục, lam hoặc alpha dưới dạng thang xám
Show Refine Edge X-ray	Hiện Refine Edge X-ray
Show Run	Hiện Run
Show Run window	Hiện cửa sổ Run
Show Search	Hiện Tìm kiếm
Show Services window	Hiện cửa sổ Services
Show Source Control	Hiện Source Control
Show Structure window	Hiện cửa sổ Structure
Show subtasks	Hiện nhiệm vụ con
Show Terminal window	Hiện cửa sổ Terminal
Show transparency grid	Hiện lưới trong suốt
Show Version Control window	Hiện cửa sổ Version Control
Show Yellow plate	Hiện bản màu Yellow
Show/ hide perspective grid	Hiện/ẩn lưới phối cảnh
Show/ hide smart guides	Hiện/ẩn đường gióng thông minh
Show/hide Align panel	Hiện/ẩn bảng Align
Show/Hide all panels	Hiện/ẩn tất cả bảng
Show/Hide all panels except the Tools panel and Control panel	Hiện/ẩn tất cả bảng trừ bảng Tools và bảng Control
Show/hide Appearance panel	Hiện/ẩn bảng Appearance
Show/Hide artboard rulers	Hiện/ẩn thước artboard
Show/Hide artboards	Hiện/ẩn artboard
Show/hide Attributes panel	Hiện/ẩn bảng Attributes
Show/hide Brushes panel	Hiện/ẩn bảng Brushes
Show/hide Color panel	Hiện/ẩn bảng Color
Show/hide console	Hiện/ẩn console
Show/hide Gradient panel	Hiện/ẩn bảng Gradient
Show/hide Graphic Styles panel	Hiện/ẩn bảng Graphic Styles
Show/hide Info panel	Hiện/ẩn bảng Info
Show/hide Layers panel	Hiện/ẩn bảng Layers
Show/hide Pathfinder panel	Hiện/ẩn bảng Pathfinder
Show/hide Stroke panel	Hiện/ẩn bảng Stroke
Show/hide Symbols panel	Hiện/ẩn bảng Symbols
Show/Hide the details pane	Hiện/ẩn ngăn chi tiết
Show/Hide the preview pane	Hiện/ẩn ngăn preview
Show/hide Transform panel	Hiện/ẩn bảng Transform
Show/hide Transparency panel	Hiện/ẩn bảng Transparency
Showing properties and groups in the Timeline panel	Hiển thị thuộc tính và nhóm trong bảng Timeline
Shrink selection	Thu hẹp vùng chọn
Shrink-wrap window to image	Co cửa sổ vừa khít với ảnh
Sidebar	Thanh bên
Sign in as different user / browse as guest	Đăng nhập bằng người dùng khác / duyệt ở chế độ khách
Simplify	Đơn giản hoá
Single line spacing	Giãn cách dòng đơn
Slack basics	Cơ bản về Slack
Slice tool	Công cụ Slice
Slide show and view	Trình chiếu và chế độ xem
Slides	Trang chiếu
Slow down playback	Giảm tốc độ phát
Small capitals	Chữ hoa nhỏ
Small caps	Chữ hoa nhỏ
Small caps (on/off)	Chữ hoa nhỏ (bật/tắt)
Small heading	Tiêu đề nhỏ
Smudge	Làm nhoè
Snap the window	Neo cửa sổ
Snap to grid	Bắt dính vào lưới
Snap to point	Bắt dính vào điểm
Speed up playback	Tăng tốc độ phát
Spiral tool	Công cụ xoắn ốc
Split Editor	Tách trình soạn thảo
Split selected layers. (If no layers are selected, split all layers.)	Tách các layer đã chọn. (Nếu không có layer nào được chọn, tách tất cả layer.)
Split the document window	Tách cửa sổ tài liệu
Spray tool	Công cụ phun
Star or unstar	Gắn dấu sao hoặc bỏ dấu sao
Start / Continue	Bắt đầu / Tiếp tục
Start a chat in a new window	Bắt đầu cuộc trò chuyện trong cửa sổ mới
Start a new chat	Bắt đầu cuộc trò chuyện mới
Start a new line in the same cell	Xuống dòng mới trong cùng một ô
Start a search	Bắt đầu tìm kiếm
Start audio call	Bắt đầu cuộc gọi thoại
Start call in private message or group	Bắt đầu cuộc gọi trong tin nhắn riêng hoặc nhóm
Start extending the selection	Bắt đầu mở rộng vùng chọn
Start IME reconversion	Bắt đầu chuyển đổi lại IME
Start math equation	Bắt đầu phương trình toán học
Start New Line	Bắt đầu dòng mới
Start New Line Before Current	Bắt đầu dòng mới phía trên dòng hiện tại
Start new line in input area	Bắt đầu dòng mới trong vùng nhập
Start or stop preview	Bắt đầu hoặc dừng preview
Start or stop Read Aloud	Bắt đầu hoặc dừng Read Aloud
Start Presenter view	Bắt đầu chế độ xem Người trình bày
Start row on next frame	Bắt đầu hàng ở frame tiếp theo
Start slide show	Bắt đầu trình chiếu
Start video call	Bắt đầu cuộc gọi video
Start without debugging	Bắt đầu mà không debug
Start, join, leave or end a huddle	Bắt đầu, tham gia, rời hoặc kết thúc huddle
Step forward in history	Tiến tới trong lịch sử
Step Into	Step Into
Step Out	Step Out
Step Over	Step Over
Stop	Dừng
Stop loading	Dừng tải
Stop loading page; close dialog or pop-up	Dừng tải trang; đóng hộp thoại hoặc cửa sổ bật lên
Stretch window	Kéo giãn cửa sổ
Strikethrough	Gạch ngang
Strikethrough selected text	Gạch ngang văn bản đã chọn
Style Editor	Style Editor
Subdivide	Chia nhỏ
Subscript	Chỉ số dưới
Subtract mode	Chế độ trừ
Superscript	Chỉ số trên
Surround with	Bao quanh bằng
Swap fill and stroke	Hoán đổi màu tô và nét viền
Swap foreground / background colors	Hoán đổi màu tiền cảnh / màu nền
Swap foreground and background colors	Hoán đổi màu tiền cảnh và màu nền
Swap paint background color and foreground colors	Hoán đổi màu nền và màu tiền cảnh trong Paint
Swap sidebars	Hoán đổi thanh bên
Swatches	Swatches
Switch between Add Anchor Point tool and Delete Anchor Point tool	Chuyển giữa công cụ Add Anchor Point và công cụ Delete Anchor Point
Switch between Area Type and Path Type, Vertical Area Type and Vertical Path Type tools	Chuyển giữa các công cụ Area Type và Path Type, Vertical Area Type và Vertical Path Type
Switch between current and previous zoom levels	Chuyển giữa mức thu phóng hiện tại và trước đó
Switch between current page and master page	Chuyển giữa trang hiện tại và trang master
Switch between current view and actual size	Chuyển giữa chế độ xem hiện tại và kích thước thực tế
Switch between Direct Selection tool and Group Selection tool	Chuyển giữa công cụ Direct Selection và công cụ Group Selection
Switch between Edit and Navigation mode	Chuyển giữa chế độ Chỉnh sửa và chế độ Điều hướng
Switch between Normal View and Preview Mode	Chuyển giữa chế độ xem Bình thường và chế độ Preview
Switch between open apps	Chuyển giữa các ứng dụng đang mở
Switch between Type and Vertical Type, Area Type and Vertical Area Type, and Path Type and Vertical Path Type tools	Chuyển giữa các công cụ Type và Vertical Type, Area Type và Vertical Area Type, Path Type và Vertical Path Type
Switch desktop	Chuyển màn hình nền
Switch image from High Quality Display to Fast Display	Chuyển hình ảnh từ hiển thị Chất lượng cao sang hiển thị Nhanh
Switch input language	Chuyển ngôn ngữ nhập liệu
Switch keyboard layout	Chuyển bố cục bàn phím
Switch Pen tool to Convert Anchor Point tool	Chuyển công cụ Pen thành công cụ Convert Anchor Point
Switch Pencil tool to Smooth tool	Chuyển công cụ Pencil thành công cụ Smooth
Switch Scissors tool to Add Anchor Point tool	Chuyển công cụ Scissors thành công cụ Add Anchor Point
Switch tabs	Chuyển thẻ
Switch through drawing modes	Chuyển lần lượt qua các chế độ vẽ
Switch to 3D view 1 (defaults to Front)	Chuyển sang chế độ xem 3D 1 (mặc định là Front)
Switch to 3D view 2 (defaults to Custom View 1)	Chuyển sang chế độ xem 3D 2 (mặc định là Custom View 1)
Switch to 3D view 3 (defaults to Active Camera)	Chuyển sang chế độ xem 3D 3 (mặc định là Active Camera)
Switch to a specific tab	Chuyển đến một thẻ cụ thể
Switch to Anchor Point tool	Chuyển sang công cụ Anchor Point
Switch to Day view	Chuyển sang chế độ xem Ngày
Switch to Form View from Design View	Chuyển từ chế độ xem Thiết kế sang chế độ xem Biểu mẫu
Switch to full Week view	Chuyển sang chế độ xem Tuần đầy đủ
Switch to Hand tool (when not in text-edit mode)	Chuyển sang công cụ Hand (khi không ở chế độ chỉnh sửa văn bản)
Switch to last active window	Chuyển sang cửa sổ hoạt động gần nhất
Switch to last tab	Chuyển đến thẻ cuối cùng
Switch to last-used selection tool (Selection tool, Direct Selection tool, or Group Selection tool)	Chuyển sang công cụ chọn dùng gần nhất (công cụ Selection, Direct Selection hoặc Group Selection)
Switch to Month view	Chuyển sang chế độ xem Tháng
Switch to next database window	Chuyển sang cửa sổ cơ sở dữ liệu tiếp theo
Switch to next tab	Chuyển đến thẻ tiếp theo
Switch to next workspace	Chuyển sang không gian làm việc tiếp theo
Switch to next/previous document window	Chuyển sang cửa sổ tài liệu tiếp theo/trước
Switch to previous database window	Chuyển sang cửa sổ cơ sở dữ liệu trước
Switch to previous tab	Chuyển đến thẻ trước
Switch to previous workspace	Chuyển sang không gian làm việc trước
Switch to Smooth tool while using Blob Brush tool	Chuyển sang công cụ Smooth khi đang dùng công cụ Blob Brush
Switch to tab 1	Chuyển đến thẻ 1
Switch to tab 2	Chuyển đến thẻ 2
Switch to tab 3	Chuyển đến thẻ 3
Switch to tab at position (1–8)	Chuyển đến thẻ ở vị trí (1–8)
Switch to the last tab	Chuyển đến thẻ cuối cùng
Switch to the next tab	Chuyển đến thẻ tiếp theo
Switch to the next tab (alt)	Chuyển đến thẻ tiếp theo (cách khác)
Switch to the previous tab	Chuyển đến thẻ trước
Switch to the previous tab (alt)	Chuyển đến thẻ trước (cách khác)
Switch to Visual Basic Editor	Chuyển sang Visual Basic Editor
Switch to Work week view	Chuyển sang chế độ xem Tuần làm việc
Switch to workspace	Chuyển sang không gian làm việc
Switch to Zoom tool in magnify mode	Chuyển sang công cụ Zoom ở chế độ phóng to
Switch to Zoom tool in reduce mode	Chuyển sang công cụ Zoom ở chế độ thu nhỏ
Switch units of measurement	Chuyển đổi đơn vị đo
Switch user / browse as guest	Chuyển người dùng / duyệt với tư cách khách
Switch workspaces	Chuyển không gian làm việc
Switching between drawing modes	Chuyển giữa các chế độ vẽ
Symbol Sprayer tool	Công cụ Symbol Sprayer
Symbols	Ký hiệu
Tab management	Quản lý thẻ
Tables	Bảng
Tabs	Thẻ
Tabs and windows	Thẻ và cửa sổ
Tabs panel	Bảng thẻ
Tags	Nhãn
Take a screenshot	Chụp màn hình
Take actions on messages	Thực hiện thao tác với tin nhắn
Take snapshot	Chụp ảnh nhanh
Task Manager	Task Manager
Tasks	Tác vụ
Tate-chu-yoko setting	Cài đặt Tate-chu-yoko
Temporarily activate Pen tool when the Selection tool is selected and pointer is over a path (Add Vertex tool when pointer is over a segment; Convert Vertex tool when pointer is over a vertex)	Tạm thời kích hoạt công cụ Pen khi công cụ Selection đang được chọn và con trỏ nằm trên path (công cụ Add Vertex khi con trỏ nằm trên phân đoạn; công cụ Convert Vertex khi con trỏ nằm trên đỉnh)
Temporarily activate Selection tool when a pen tool is selected	Tạm thời kích hoạt công cụ Selection khi đang chọn một công cụ pen
Temporarily select Add Anchor Point tool	Tạm thời chọn công cụ Add Anchor Point
Temporarily select Convert Direction Point tool	Tạm thời chọn công cụ Convert Direction Point
Temporarily select Zoom In tool	Tạm thời chọn công cụ Zoom In
Temporarily select Zoom Out tool	Tạm thời chọn công cụ Zoom Out
Temporarily selects Zoom In tool	Tạm thời chọn công cụ Zoom In
Temporarily switch between Add Anchor Point and Delete Anchor Point tool	Tạm thời chuyển giữa công cụ Add Anchor Point và Delete Anchor Point
Temporarily unmute	Tạm thời bật tiếng
Text	Văn bản
Text and Font	Văn bản và phông chữ
Text editing	Chỉnh sửa văn bản
Text Editor	Trình soạn thảo văn bản
Text Extractor	Text Extractor
Text formatting	Định dạng văn bản
Text tool	Công cụ văn bản
Theater mode	Chế độ rạp chiếu phim
Time navigation	Điều hướng thời gian
Time/Date	Thời gian/Ngày tháng
Timeline	Timeline
Timescale navigation	Điều hướng thang thời gian
To Do tag	Nhãn To Do
Toggle auto-hyphenation	Bật/tắt tự động gạch nối
Toggle between fill and stroke	Chuyển giữa màu tô và nét viền
Toggle between Formatting Affects Container and Formatting Affects Text	Chuyển giữa Formatting Affects Container và Formatting Affects Text
Toggle between GPU and CPU Preview of the document	Chuyển giữa GPU Preview và CPU Preview cho tài liệu
Toggle between Graph Editor and layer bar modes	Chuyển giữa chế độ Graph Editor và thanh layer
Toggle between Outline and GPU Preview of the document	Chuyển giữa chế độ Outline và GPU Preview cho tài liệu
Toggle between screen modes: Normal Screen Mode, Full Screen Mode with Menu Bar, Full Screen Mode	Chuyển giữa các chế độ màn hình: Chế độ màn hình bình thường, Chế độ toàn màn hình có thanh menu, Chế độ toàn màn hình
Toggle between text selection and cell selection	Chuyển giữa chọn văn bản và chọn ô
Toggle Block Comment	Bật/tắt bình luận khối
Toggle boundaries	Bật/tắt đường biên
Toggle Breakpoint	Bật/tắt breakpoint
Toggle caret browsing	Bật/tắt duyệt bằng dấu nháy
Toggle Case	Đảo chữ hoa/thường
Toggle channel member list	Bật/tắt danh sách thành viên kênh
Toggle Character/Paragraph text attributes mode	Chuyển chế độ thuộc tính văn bản Ký tự/Đoạn văn
Toggle command palette	Bật/tắt bảng lệnh
Toggle context menu	Bật/tắt menu ngữ cảnh
Toggle deafen	Bật/tắt chặn nghe
Toggle developer tools	Bật/tắt công cụ nhà phát triển
Toggle dialog visibility	Bật/tắt hiển thị hộp thoại
Toggle Edit Mode	Bật/tắt chế độ Chỉnh sửa
Toggle emoji picker	Bật/tắt bộ chọn emoji
Toggle Fill and Stroke	Bật/tắt Màu tô và Nét viền
Toggle focus to/from Control panel	Chuyển tiêu điểm vào/ra bảng Control
Toggle Format Painter	Bật/tắt Format Painter
Toggle formula display	Bật/tắt hiển thị công thức
Toggle Full Screen	Bật/tắt toàn màn hình
Toggle fullscreen	Bật/tắt toàn màn hình
Toggle full-screen	Bật/tắt toàn màn hình
Toggle full-screen view	Bật/tắt chế độ xem toàn màn hình
Toggle fullscreen window	Bật/tắt cửa sổ toàn màn hình
Toggle guides	Bật/tắt đường gióng
Toggle heading and list styles	Bật/tắt kiểu tiêu đề và danh sách
Toggle hotkeys reference	Bật/tắt bảng tra cứu phím tắt
Toggle Integrated Terminal	Bật/tắt Terminal tích hợp
Toggle left sidebar	Bật/tắt thanh bên trái
Toggle Line Breakpoint	Bật/tắt breakpoint dòng
Toggle Line Comment	Bật/tắt chú thích dòng
Toggle line composer	Bật/tắt line composer
Toggle mark mode (keyboard selection)	Bật/tắt chế độ đánh dấu (chọn bằng bàn phím)
Toggle Markdown Preview	Bật/tắt Markdown Preview
Toggle mentions pop-out	Bật/tắt cửa sổ lượt nhắc
Toggle mute	Bật/tắt chế độ tắt tiếng
Toggle mute on a huddle	Bật/tắt chế độ tắt tiếng trong huddle
Toggle Outline and Thumbnail views	Chuyển đổi giữa chế độ xem Dàn bài và Hình thu nhỏ
Toggle palette	Bật/tắt bảng màu
Toggle perspective / orthographic	Chuyển đổi phối cảnh / trực giao
Toggle pins pop-out	Bật/tắt cửa sổ mục đã ghim
Toggle proportional editing	Bật/tắt chỉnh sửa theo tỷ lệ
Toggle quad view	Bật/tắt chế độ xem 4 khung nhìn
Toggle quickmask	Bật/tắt quickmask
Toggle reader mode	Bật/tắt chế độ đọc
Toggle right sidebar	Bật/tắt thanh bên phải
Toggle rulers	Bật/tắt thước
Toggle scrollbars	Bật/tắt thanh cuộn
Toggle Search Details	Bật/tắt chi tiết tìm kiếm
Toggle Selection and Direct Selection tool	Chuyển đổi giữa công cụ Selection và Direct Selection
Toggle selection visibility	Bật/tắt hiển thị vùng chọn
Toggle showing straight RGB color	Bật/tắt hiển thị màu RGB thuần
Toggle Sidebar Visibility	Bật/tắt hiển thị thanh bên
Toggle toolbars	Bật/tắt thanh công cụ
Toggle two-pane view	Bật/tắt chế độ xem hai ngăn
Toggle video	Bật/tắt video
Toggle wireframe / solid shading	Chuyển đổi chế độ wireframe / tô bóng đặc
Toggle Word Wrap	Bật/tắt ngắt dòng tự động
Toggle workbench	Bật/tắt workbench
Toggle x-ray	Bật/tắt x-ray
Toggle Zen Mode	Bật/tắt chế độ Zen
Tool Options	Tùy chọn công cụ
Tool windows	Cửa sổ công cụ
Tools	Công cụ
Tools and zoom	Công cụ và thu phóng
Top of next page	Về đầu trang tiếp theo
Top of previous page	Về đầu trang trước
Top shortcuts	Phím tắt hàng đầu
Top view	Góc nhìn từ trên
Top-align text vertically	Căn văn bản lên trên theo chiều dọc
Touch Type tool	Công cụ Touch Type
Transform	Biến đổi
Transform panel	Bảng Transform
Transforming objects	Biến đổi đối tượng
Transparency panel	Bảng Transparency
Trigger Parameter Hints	Kích hoạt gợi ý tham số
Trigger Suggest	Kích hoạt gợi ý
Trim Composition to work area	Cắt gọn composition theo vùng làm việc
Turn All Caps on or off for selected text	Bật hoặc tắt In hoa toàn bộ cho văn bản đã chọn
Turn Auto Calculate on or off	Bật hoặc tắt tính toán tự động
Turn caret browsing on or off	Bật hoặc tắt duyệt bằng dấu nháy
Turn Casts Shadows property on or off for selected 3D layers	Bật hoặc tắt thuộc tính Casts Shadows cho các layer 3D đã chọn
Turn extend mode on	Bật chế độ mở rộng
Turn Extend Selection mode on or off	Bật hoặc tắt chế độ mở rộng vùng chọn
Turn full-screen mode on/off	Bật/tắt chế độ toàn màn hình
Turn off Video switch for all video layers other than selected layers	Tắt công tắc Video cho mọi layer video trừ các layer đã chọn
Turn on Overprint preview	Bật chế độ Overprint Preview
Turn Track Changes on or off	Bật hoặc tắt Theo dõi Thay đổi
Tweak tool	Công cụ Tweak
Type On A Path tool	Công cụ Type On A Path
Type panels and dialog boxes	Bảng chữ và hộp thoại
Type tool	Công cụ Type
Type-matching completion	Hoàn thành khớp kiểu
Underline	Gạch chân
Undo	Hoàn tác
Undo formatting	Hoàn tác định dạng
Undo History	Lịch sử hoàn tác
Undo last action	Hoàn tác thao tác cuối
Undo the last action	Hoàn tác thao tác cuối cùng
Ungroup selected group	Rã nhóm đã chọn
Ungroup selected groups	Rã các nhóm đã chọn
Ungroup selected shapes	Rã nhóm các hình đã chọn
Ungroup shapes	Rã nhóm hình
Ungroup the selected artwork	Rã nhóm bản vẽ đã chọn
Ungroup the selection	Rã nhóm vùng chọn
Unlink clone	Hủy liên kết clone
Unlink tasks	Hủy liên kết nhiệm vụ
Unlock a selection	Mở khóa vùng chọn
Unlock all layers	Mở khóa tất cả layer
Unsend a message	Thu hồi tin nhắn
Update missing font list	Cập nhật danh sách phông chữ bị thiếu
Update Project	Cập nhật dự án
Upload a file	Tải file lên
Use panels	Sử dụng các bảng
Use shape mode buttons in Pathfinder panel to create compound paths	Dùng các nút chế độ hình dạng trong bảng Pathfinder để tạo compound path
UV Editor	UV Editor
VCS Operations Popup	Cửa sổ thao tác VCS
Version control	Quản lý phiên bản
Vertex select mode	Chế độ chọn đỉnh
View	Chế độ xem
View all	Xem tất cả
View all artboards in window	Xem tất cả artboard trong cửa sổ
View all downloaded files	Xem tất cả file đã tải xuống
View and zoom	Xem và thu phóng
View artwork	Xem bản vẽ
View Breakpoints	Xem breakpoint
View comment thread	Xem luồng bình luận
View open apps	Xem các ứng dụng đang mở
View page source	Xem mã nguồn trang
View selected	Xem mục đã chọn
View source	Xem mã nguồn
View the document in Overprint Preview mode	Xem tài liệu ở chế độ Overprint Preview
View the document in Pixel Preview mode	Xem tài liệu ở chế độ Pixel Preview
Viewing documents and document workspaces	Xem tài liệu và không gian làm việc tài liệu
Viewport navigation	Điều hướng viewport
Views	Các chế độ xem
Virtual desktop	Màn hình nền ảo
Voice and calls	Thoại và cuộc gọi
Wake up device	Đánh thức thiết bị
Warp tool	Công cụ Warp
Web Console	Bảng điều khiển web
Web page	Trang web
Width Tool	Công cụ Width
Window	Cửa sổ
Window and modals	Cửa sổ và hộp thoại
Window and view	Cửa sổ và chế độ xem
Window context menu	Menu ngữ cảnh cửa sổ
Window management	Quản lý cửa sổ
Windows and tabs	Cửa sổ và thẻ
Windows key	Phím Windows
With a camera tool selected, move the camera and its point of interest to look at all 3D layers	Khi đã chọn công cụ camera, di chuyển camera và điểm quan tâm để nhìn tất cả layer 3D
With a camera tool selected, move the camera and its point of interest to look at selected 3D layers	Khi đã chọn công cụ camera, di chuyển camera và điểm quan tâm để nhìn các layer 3D đã chọn
Word count	Đếm từ
Work with documents	Làm việc với tài liệu
Work with Live Paint groups	Làm việc với nhóm Live Paint
Work with objects	Làm việc với đối tượng
Work with selections	Làm việc với vùng chọn
Work with type	Làm việc với chữ
Working with type	Làm việc với chữ
XML Editor	Trình soạn thảo XML
Zoom 1:1	Thu phóng 1:1
Zoom in	Phóng to
Zoom in Magnifier	Phóng to trong Kính lúp
Zoom out	Thu nhỏ
Zoom out Magnifier	Thu nhỏ trong Kính lúp
Zoom to 100%	Thu phóng về 100%
Zoom to 50%, 200%, or 400%	Thu phóng về 50%, 200% hoặc 400%
Zoom to fit	Thu phóng vừa khung hình
Zoom to full page view	Thu phóng về chế độ xem toàn trang
Zoom to the selection	Thu phóng đến vùng chọn
Zoom tool	Công cụ thu phóng
